REGION,FUEL,TIMESLICE,YEAR,VALUE
GLOBAL,ELCFJIXX02,S1D1,2020,0.28
GLOBAL,ELCFJIXX02,S1D1,2021,0.28
GLOBAL,ELCFJIXX02,S1D1,2022,0.28
GLOBAL,ELCFJIXX02,S1D1,2023,0.28
GLOBAL,ELCFJIXX02,S1D1,2024,0.28
GLOBAL,ELCFJIXX02,S1D1,2025,0.28
GLOBAL,ELCFJIXX02,S1D1,2026,0.28
GLOBAL,ELCFJIXX02,S1D1,2027,0.28
GLOBAL,ELCFJIXX02,S1D1,2028,0.28
GLOBAL,ELCFJIXX02,S1D1,2029,0.28
GLOBAL,ELCFJIXX02,S1D1,2030,0.28
GLOBAL,ELCFJIXX02,S1D1,2031,0.28
GLOBAL,ELCFJIXX02,S1D1,2032,0.28
GLOBAL,ELCFJIXX02,S1D1,2033,0.28
GLOBAL,ELCFJIXX02,S1D1,2034,0.28
GLOBAL,ELCFJIXX02,S1D1,2035,0.28
GLOBAL,ELCFJIXX02,S1D1,2036,0.28
GLOBAL,ELCFJIXX02,S1D1,2037,0.28
GLOBAL,ELCFJIXX02,S1D1,2038,0.28
GLOBAL,ELCFJIXX02,S1D1,2039,0.28
GLOBAL,ELCFJIXX02,S1D1,2040,0.28
GLOBAL,ELCFJIXX02,S1D1,2041,0.28
GLOBAL,ELCFJIXX02,S1D1,2042,0.28
GLOBAL,ELCFJIXX02,S1D1,2043,0.28
GLOBAL,ELCFJIXX02,S1D1,2044,0.28
GLOBAL,ELCFJIXX02,S1D1,2045,0.28
GLOBAL,ELCFJIXX02,S1D1,2046,0.28
GLOBAL,ELCFJIXX02,S1D1,2047,0.28
GLOBAL,ELCFJIXX02,S1D1,2048,0.28
GLOBAL,ELCFJIXX02,S1D1,2049,0.28
GLOBAL,ELCFJIXX02,S1D1,2050,0.28
GLOBAL,ELCFJIXX02,S1D2,2020,0.25
GLOBAL,ELCFJIXX02,S1D2,2021,0.25
GLOBAL,ELCFJIXX02,S1D2,2022,0.25
GLOBAL,ELCFJIXX02,S1D2,2023,0.25
GLOBAL,ELCFJIXX02,S1D2,2024,0.25
GLOBAL,ELCFJIXX02,S1D2,2025,0.25
GLOBAL,ELCFJIXX02,S1D2,2026,0.25
GLOBAL,ELCFJIXX02,S1D2,2027,0.25
GLOBAL,ELCFJIXX02,S1D2,2028,0.25
GLOBAL,ELCFJIXX02,S1D2,2029,0.25
GLOBAL,ELCFJIXX02,S1D2,2030,0.25
GLOBAL,ELCFJIXX02,S1D2,2031,0.25
GLOBAL,ELCFJIXX02,S1D2,2032,0.25
GLOBAL,ELCFJIXX02,S1D2,2033,0.25
GLOBAL,ELCFJIXX02,S1D2,2034,0.25
GLOBAL,ELCFJIXX02,S1D2,2035,0.25
GLOBAL,ELCFJIXX02,S1D2,2036,0.25
GLOBAL,ELCFJIXX02,S1D2,2037,0.25
GLOBAL,ELCFJIXX02,S1D2,2038,0.25
GLOBAL,ELCFJIXX02,S1D2,2039,0.25
GLOBAL,ELCFJIXX02,S1D2,2040,0.25
GLOBAL,ELCFJIXX02,S1D2,2041,0.25
GLOBAL,ELCFJIXX02,S1D2,2042,0.25
GLOBAL,ELCFJIXX02,S1D2,2043,0.25
GLOBAL,ELCFJIXX02,S1D2,2044,0.25
GLOBAL,ELCFJIXX02,S1D2,2045,0.25
GLOBAL,ELCFJIXX02,S1D2,2046,0.25
GLOBAL,ELCFJIXX02,S1D2,2047,0.25
GLOBAL,ELCFJIXX02,S1D2,2048,0.25
GLOBAL,ELCFJIXX02,S1D2,2049,0.25
GLOBAL,ELCFJIXX02,S1D2,2050,0.25
GLOBAL,ELCFJIXX02,S2D1,2020,0.25
GLOBAL,ELCFJIXX02,S2D1,2021,0.25
GLOBAL,ELCFJIXX02,S2D1,2022,0.25
GLOBAL,ELCFJIXX02,S2D1,2023,0.25
GLOBAL,ELCFJIXX02,S2D1,2024,0.25
GLOBAL,ELCFJIXX02,S2D1,2025,0.25
GLOBAL,ELCFJIXX02,S2D1,2026,0.25
GLOBAL,ELCFJIXX02,S2D1,2027,0.25
GLOBAL,ELCFJIXX02,S2D1,2028,0.25
GLOBAL,ELCFJIXX02,S2D1,2029,0.25
GLOBAL,ELCFJIXX02,S2D1,2030,0.25
GLOBAL,ELCFJIXX02,S2D1,2031,0.25
GLOBAL,ELCFJIXX02,S2D1,2032,0.25
GLOBAL,ELCFJIXX02,S2D1,2033,0.25
GLOBAL,ELCFJIXX02,S2D1,2034,0.25
GLOBAL,ELCFJIXX02,S2D1,2035,0.25
GLOBAL,ELCFJIXX02,S2D1,2036,0.25
GLOBAL,ELCFJIXX02,S2D1,2037,0.25
GLOBAL,ELCFJIXX02,S2D1,2038,0.25
GLOBAL,ELCFJIXX02,S2D1,2039,0.25
GLOBAL,ELCFJIXX02,S2D1,2040,0.25
GLOBAL,ELCFJIXX02,S2D1,2041,0.25
GLOBAL,ELCFJIXX02,S2D1,2042,0.25
GLOBAL,ELCFJIXX02,S2D1,2043,0.25
GLOBAL,ELCFJIXX02,S2D1,2044,0.25
GLOBAL,ELCFJIXX02,S2D1,2045,0.25
GLOBAL,ELCFJIXX02,S2D1,2046,0.25
GLOBAL,ELCFJIXX02,S2D1,2047,0.25
GLOBAL,ELCFJIXX02,S2D1,2048,0.25
GLOBAL,ELCFJIXX02,S2D1,2049,0.25
GLOBAL,ELCFJIXX02,S2D1,2050,0.25
GLOBAL,ELCFJIXX02,S2D2,2020,0.22
GLOBAL,ELCFJIXX02,S2D2,2021,0.22
GLOBAL,ELCFJIXX02,S2D2,2022,0.22
GLOBAL,ELCFJIXX02,S2D2,2023,0.22
GLOBAL,ELCFJIXX02,S2D2,2024,0.22
GLOBAL,ELCFJIXX02,S2D2,2025,0.22
GLOBAL,ELCFJIXX02,S2D2,2026,0.22
GLOBAL,ELCFJIXX02,S2D2,2027,0.22
GLOBAL,ELCFJIXX02,S2D2,2028,0.22
GLOBAL,ELCFJIXX02,S2D2,2029,0.22
GLOBAL,ELCFJIXX02,S2D2,2030,0.22
GLOBAL,ELCFJIXX02,S2D2,2031,0.22
GLOBAL,ELCFJIXX02,S2D2,2032,0.22
GLOBAL,ELCFJIXX02,S2D2,2033,0.22
GLOBAL,ELCFJIXX02,S2D2,2034,0.22
GLOBAL,ELCFJIXX02,S2D2,2035,0.22
GLOBAL,ELCFJIXX02,S2D2,2036,0.22
GLOBAL,ELCFJIXX02,S2D2,2037,0.22
GLOBAL,ELCFJIXX02,S2D2,2038,0.22
GLOBAL,ELCFJIXX02,S2D2,2039,0.22
GLOBAL,ELCFJIXX02,S2D2,2040,0.22
GLOBAL,ELCFJIXX02,S2D2,2041,0.22
GLOBAL,ELCFJIXX02,S2D2,2042,0.22
GLOBAL,ELCFJIXX02,S2D2,2043,0.22
GLOBAL,ELCFJIXX02,S2D2,2044,0.22
GLOBAL,ELCFJIXX02,S2D2,2045,0.22
GLOBAL,ELCFJIXX02,S2D2,2046,0.22
GLOBAL,ELCFJIXX02,S2D2,2047,0.22
GLOBAL,ELCFJIXX02,S2D2,2048,0.22
GLOBAL,ELCFJIXX02,S2D2,2049,0.22
GLOBAL,ELCFJIXX02,S2D2,2050,0.22
