cache_filename,model_crop_code,gaez_crop,model_variable,gaez_name,input_level,water_supply,available_water_content,climate_model,pathway,time_period,source_unit,download_url,file_identifier,selection_table,selection_table_csv_line
CAS cwd Irrigation High.tif,CAS,Cassava,cwd,casv200a_wde,High,Irrigation,Available water content of 200 mm/m (under irrigation conditions),HadGEM2-ES,RCP4.5,2011-2040,mm,https://s3.eu-west-1.amazonaws.com/data.gaezdev.aws.fao.org/res02/HadGEM2-ES/rcp4p5/2020sH/casv200a_wde.tif,326962,GAEZ_cwd_High_Input.csv,332
CAS cwd Irrigation Low.tif,CAS,Cassava,cwd,casv200a_wde,Low,Irrigation,Available water content of 200 mm/m (under irrigation conditions),CRUTS32,Historical,1981-2010,mm,https://s3.eu-west-1.amazonaws.com/data.gaezdev.aws.fao.org/res02/CRUTS32/Hist/8110L/casv200a_wde.tif,279730,GAEZ_cwd_Low_Input.csv,24
CAS cwd Rain-fed High.tif,CAS,Cassava,cwd,casv200b_wde,High,Rain-fed,Available water content of 200 mm/m (under rain-fed conditions),HadGEM2-ES,RCP4.5,2011-2040,mm,https://s3.eu-west-1.amazonaws.com/data.gaezdev.aws.fao.org/res02/HadGEM2-ES/rcp4p5/2020sH/casv200b_wde.tif,325753,GAEZ_cwd_High_Input.csv,333
CAS cwd Rain-fed Low.tif,CAS,Cassava,cwd,casv200b_wde,Low,Rain-fed,Available water content of 200 mm/m (under rain-fed conditions),CRUTS32,Historical,1981-2010,mm,https://s3.eu-west-1.amazonaws.com/data.gaezdev.aws.fao.org/res02/CRUTS32/Hist/8110L/casv200b_wde.tif,278521,GAEZ_cwd_Low_Input.csv,25
CAS evt Irrigation High.tif,CAS,Cassava,evt,casv200a_eta,High,Irrigation,Available water content of 200 mm/m (under irrigation conditions),HadGEM2-ES,RCP4.5,2011-2040,mm,https://s3.eu-west-1.amazonaws.com/data.gaezdev.aws.fao.org/res02/HadGEM2-ES/rcp4p5/2020sH/casv200a_eta.tif,326295,GAEZ_evt_High_Input.csv,332
CAS evt Irrigation Low.tif,CAS,Cassava,evt,casv200a_eta,Low,Irrigation,Available water content of 200 mm/m (under irrigation conditions),CRUTS32,Historical,1981-2010,mm,https://s3.eu-west-1.amazonaws.com/data.gaezdev.aws.fao.org/res02/CRUTS32/Hist/8110L/casv200a_eta.tif,279063,GAEZ_evt_Low_Input.csv,24
CAS evt Rain-fed High.tif,CAS,Cassava,evt,casv200b_eta,High,Rain-fed,Available water content of 200 mm/m (under rain-fed conditions),HadGEM2-ES,RCP4.5,2011-2040,mm,https://s3.eu-west-1.amazonaws.com/data.gaezdev.aws.fao.org/res02/HadGEM2-ES/rcp4p5/2020sH/casv200b_eta.tif,325493,GAEZ_evt_High_Input.csv,333
CAS evt Rain-fed Low.tif,CAS,Cassava,evt,casv200b_eta,Low,Rain-fed,Available water content of 200 mm/m (under rain-fed conditions),CRUTS32,Historical,1981-2010,mm,https://s3.eu-west-1.amazonaws.com/data.gaezdev.aws.fao.org/res02/CRUTS32/Hist/8110L/casv200b_eta.tif,278261,GAEZ_evt_Low_Input.csv,25
CAS yld Irrigation High.tif,CAS,Cassava,yld,casv200a_yld,High,Irrigation,Available water content of 200 mm/m (under irrigation conditions),HadGEM2-ES,RCP4.5,2011-2040,kg DW/ha,https://s3.eu-west-1.amazonaws.com/data.gaezdev.aws.fao.org/res02/HadGEM2-ES/rcp4p5/2020sH/casv200a_yld.tif,325542,GAEZ_yld_High_Input.csv,332
CAS yld Irrigation Low.tif,CAS,Cassava,yld,casv200a_yld,Low,Irrigation,Available water content of 200 mm/m (under irrigation conditions),CRUTS32,Historical,1981-2010,kg DW/ha,https://s3.eu-west-1.amazonaws.com/data.gaezdev.aws.fao.org/res02/CRUTS32/Hist/8110L/casv200a_yld.tif,278310,GAEZ_yld_Low_Input.csv,24
CAS yld Rain-fed High.tif,CAS,Cassava,yld,casv200b_yld,High,Rain-fed,Available water content of 200 mm/m (under rain-fed conditions),HadGEM2-ES,RCP4.5,2011-2040,kg DW/ha,https://s3.eu-west-1.amazonaws.com/data.gaezdev.aws.fao.org/res02/HadGEM2-ES/rcp4p5/2020sH/casv200b_yld.tif,329590,GAEZ_yld_High_Input.csv,333
CAS yld Rain-fed Low.tif,CAS,Cassava,yld,casv200b_yld,Low,Rain-fed,Available water content of 200 mm/m (under rain-fed conditions),CRUTS32,Historical,1981-2010,kg DW/ha,https://s3.eu-west-1.amazonaws.com/data.gaezdev.aws.fao.org/res02/CRUTS32/Hist/8110L/casv200b_yld.tif,282358,GAEZ_yld_Low_Input.csv,25
CON cwd Irrigation High.tif,CON,Coconut,cwd,cocn200a_wde,High,Irrigation,Available water content of 200 mm/m (under irrigation conditions),HadGEM2-ES,RCP4.5,2011-2040,mm,https://s3.eu-west-1.amazonaws.com/data.gaezdev.aws.fao.org/res02/HadGEM2-ES/rcp4p5/2020sH/cocn200a_wde.tif,328731,GAEZ_cwd_High_Input.csv,342
CON cwd Irrigation Low.tif,CON,Coconut,cwd,cocn200a_wde,Low,Irrigation,Available water content of 200 mm/m (under irrigation conditions),CRUTS32,Historical,1981-2010,mm,https://s3.eu-west-1.amazonaws.com/data.gaezdev.aws.fao.org/res02/CRUTS32/Hist/8110L/cocn200a_wde.tif,281499,GAEZ_cwd_Low_Input.csv,34
CON cwd Rain-fed High.tif,CON,Coconut,cwd,cocn200b_wde,High,Rain-fed,Available water content of 200 mm/m (under rain-fed conditions),HadGEM2-ES,RCP4.5,2011-2040,mm,https://s3.eu-west-1.amazonaws.com/data.gaezdev.aws.fao.org/res02/HadGEM2-ES/rcp4p5/2020sH/cocn200b_wde.tif,325486,GAEZ_cwd_High_Input.csv,343
CON cwd Rain-fed Low.tif,CON,Coconut,cwd,cocn200b_wde,Low,Rain-fed,Available water content of 200 mm/m (under rain-fed conditions),CRUTS32,Historical,1981-2010,mm,https://s3.eu-west-1.amazonaws.com/data.gaezdev.aws.fao.org/res02/CRUTS32/Hist/8110L/cocn200b_wde.tif,278254,GAEZ_cwd_Low_Input.csv,35
CON evt Irrigation High.tif,CON,Coconut,evt,cocn200a_eta,High,Irrigation,Available water content of 200 mm/m (under irrigation conditions),HadGEM2-ES,RCP4.5,2011-2040,mm,https://s3.eu-west-1.amazonaws.com/data.gaezdev.aws.fao.org/res02/HadGEM2-ES/rcp4p5/2020sH/cocn200a_eta.tif,326493,GAEZ_evt_High_Input.csv,342
CON evt Irrigation Low.tif,CON,Coconut,evt,cocn200a_eta,Low,Irrigation,Available water content of 200 mm/m (under irrigation conditions),CRUTS32,Historical,1981-2010,mm,https://s3.eu-west-1.amazonaws.com/data.gaezdev.aws.fao.org/res02/CRUTS32/Hist/8110L/cocn200a_eta.tif,279261,GAEZ_evt_Low_Input.csv,34
CON evt Rain-fed High.tif,CON,Coconut,evt,cocn200b_eta,High,Rain-fed,Available water content of 200 mm/m (under rain-fed conditions),HadGEM2-ES,RCP4.5,2011-2040,mm,https://s3.eu-west-1.amazonaws.com/data.gaezdev.aws.fao.org/res02/HadGEM2-ES/rcp4p5/2020sH/cocn200b_eta.tif,327092,GAEZ_evt_High_Input.csv,343
CON evt Rain-fed Low.tif,CON,Coconut,evt,cocn200b_eta,Low,Rain-fed,Available water content of 200 mm/m (under rain-fed conditions),CRUTS32,Historical,1981-2010,mm,https://s3.eu-west-1.amazonaws.com/data.gaezdev.aws.fao.org/res02/CRUTS32/Hist/8110L/cocn200b_eta.tif,279860,GAEZ_evt_Low_Input.csv,35
CON yld Irrigation High.tif,CON,Coconut,yld,cocn200a_yld,High,Irrigation,Available water content of 200 mm/m (under irrigation conditions),HadGEM2-ES,RCP4.5,2011-2040,kg DW/ha,https://s3.eu-west-1.amazonaws.com/data.gaezdev.aws.fao.org/res02/HadGEM2-ES/rcp4p5/2020sH/cocn200a_yld.tif,328981,GAEZ_yld_High_Input.csv,342
CON yld Irrigation Low.tif,CON,Coconut,yld,cocn200a_yld,Low,Irrigation,Available water content of 200 mm/m (under irrigation conditions),CRUTS32,Historical,1981-2010,kg DW/ha,https://s3.eu-west-1.amazonaws.com/data.gaezdev.aws.fao.org/res02/CRUTS32/Hist/8110L/cocn200a_yld.tif,281749,GAEZ_yld_Low_Input.csv,34
CON yld Rain-fed High.tif,CON,Coconut,yld,cocn200b_yld,High,Rain-fed,Available water content of 200 mm/m (under rain-fed conditions),HadGEM2-ES,RCP4.5,2011-2040,kg DW/ha,https://s3.eu-west-1.amazonaws.com/data.gaezdev.aws.fao.org/res02/HadGEM2-ES/rcp4p5/2020sH/cocn200b_yld.tif,326969,GAEZ_yld_High_Input.csv,343
CON yld Rain-fed Low.tif,CON,Coconut,yld,cocn200b_yld,Low,Rain-fed,Available water content of 200 mm/m (under rain-fed conditions),CRUTS32,Historical,1981-2010,kg DW/ha,https://s3.eu-west-1.amazonaws.com/data.gaezdev.aws.fao.org/res02/CRUTS32/Hist/8110L/cocn200b_yld.tif,279737,GAEZ_yld_Low_Input.csv,35
PTS cwd Irrigation High.tif,PTS,Sweet potato,cwd,spot200a_wde,High,Irrigation,Available water content of 200 mm/m (under irrigation conditions),HadGEM2-ES,RCP4.5,2011-2040,mm,https://s3.eu-west-1.amazonaws.com/data.gaezdev.aws.fao.org/res02/HadGEM2-ES/rcp4p5/2020sH/spot200a_wde.tif,328379,GAEZ_cwd_High_Input.csv,424
PTS cwd Irrigation Low.tif,PTS,Sweet potato,cwd,spot200a_wde,Low,Irrigation,Available water content of 200 mm/m (under irrigation conditions),CRUTS32,Historical,1981-2010,mm,https://s3.eu-west-1.amazonaws.com/data.gaezdev.aws.fao.org/res02/CRUTS32/Hist/8110L/spot200a_wde.tif,281147,GAEZ_cwd_Low_Input.csv,112
PTS cwd Rain-fed High.tif,PTS,Sweet potato,cwd,spot200b_wde,High,Rain-fed,Available water content of 200 mm/m (under rain-fed conditions),HadGEM2-ES,RCP4.5,2011-2040,mm,https://s3.eu-west-1.amazonaws.com/data.gaezdev.aws.fao.org/res02/HadGEM2-ES/rcp4p5/2020sH/spot200b_wde.tif,325160,GAEZ_cwd_High_Input.csv,425
PTS cwd Rain-fed Low.tif,PTS,Sweet potato,cwd,spot200b_wde,Low,Rain-fed,Available water content of 200 mm/m (under rain-fed conditions),CRUTS32,Historical,1981-2010,mm,https://s3.eu-west-1.amazonaws.com/data.gaezdev.aws.fao.org/res02/CRUTS32/Hist/8110L/spot200b_wde.tif,277928,GAEZ_cwd_Low_Input.csv,113
PTS evt Irrigation High.tif,PTS,Sweet potato,evt,spot200a_eta,High,Irrigation,Available water content of 200 mm/m (under irrigation conditions),HadGEM2-ES,RCP4.5,2011-2040,mm,https://s3.eu-west-1.amazonaws.com/data.gaezdev.aws.fao.org/res02/HadGEM2-ES/rcp4p5/2020sH/spot200a_eta.tif,329887,GAEZ_evt_High_Input.csv,424
PTS evt Irrigation Low.tif,PTS,Sweet potato,evt,spot200a_eta,Low,Irrigation,Available water content of 200 mm/m (under irrigation conditions),CRUTS32,Historical,1981-2010,mm,https://s3.eu-west-1.amazonaws.com/data.gaezdev.aws.fao.org/res02/CRUTS32/Hist/8110L/spot200a_eta.tif,282655,GAEZ_evt_Low_Input.csv,112
PTS evt Rain-fed High.tif,PTS,Sweet potato,evt,spot200b_eta,High,Rain-fed,Available water content of 200 mm/m (under rain-fed conditions),HadGEM2-ES,RCP4.5,2011-2040,mm,https://s3.eu-west-1.amazonaws.com/data.gaezdev.aws.fao.org/res02/HadGEM2-ES/rcp4p5/2020sH/spot200b_eta.tif,329370,GAEZ_evt_High_Input.csv,425
PTS evt Rain-fed Low.tif,PTS,Sweet potato,evt,spot200b_eta,Low,Rain-fed,Available water content of 200 mm/m (under rain-fed conditions),CRUTS32,Historical,1981-2010,mm,https://s3.eu-west-1.amazonaws.com/data.gaezdev.aws.fao.org/res02/CRUTS32/Hist/8110L/spot200b_eta.tif,282138,GAEZ_evt_Low_Input.csv,113
PTS yld Irrigation High.tif,PTS,Sweet potato,yld,spot200a_yld,High,Irrigation,Available water content of 200 mm/m (under irrigation conditions),HadGEM2-ES,RCP4.5,2011-2040,kg DW/ha,https://s3.eu-west-1.amazonaws.com/data.gaezdev.aws.fao.org/res02/HadGEM2-ES/rcp4p5/2020sH/spot200a_yld.tif,326524,GAEZ_yld_High_Input.csv,424
PTS yld Irrigation Low.tif,PTS,Sweet potato,yld,spot200a_yld,Low,Irrigation,Available water content of 200 mm/m (under irrigation conditions),CRUTS32,Historical,1981-2010,kg DW/ha,https://s3.eu-west-1.amazonaws.com/data.gaezdev.aws.fao.org/res02/CRUTS32/Hist/8110L/spot200a_yld.tif,279292,GAEZ_yld_Low_Input.csv,112
PTS yld Rain-fed High.tif,PTS,Sweet potato,yld,spot200b_yld,High,Rain-fed,Available water content of 200 mm/m (under rain-fed conditions),HadGEM2-ES,RCP4.5,2011-2040,kg DW/ha,https://s3.eu-west-1.amazonaws.com/data.gaezdev.aws.fao.org/res02/HadGEM2-ES/rcp4p5/2020sH/spot200b_yld.tif,328874,GAEZ_yld_High_Input.csv,425
PTS yld Rain-fed Low.tif,PTS,Sweet potato,yld,spot200b_yld,Low,Rain-fed,Available water content of 200 mm/m (under rain-fed conditions),CRUTS32,Historical,1981-2010,kg DW/ha,https://s3.eu-west-1.amazonaws.com/data.gaezdev.aws.fao.org/res02/CRUTS32/Hist/8110L/spot200b_yld.tif,281642,GAEZ_yld_Low_Input.csv,113
RCP cwd Irrigation High.tif,RCP,Wetland rice,cwd,ricw200a_wde,High,Irrigation,Available water content of 200 mm/m (under irrigation conditions),HadGEM2-ES,RCP4.5,2011-2040,mm,https://s3.eu-west-1.amazonaws.com/data.gaezdev.aws.fao.org/res02/HadGEM2-ES/rcp4p5/2020sH/ricw200a_wde.tif,326308,GAEZ_cwd_High_Input.csv,414
RCP cwd Irrigation Low.tif,RCP,Wetland rice,cwd,ricw200a_wde,Low,Irrigation,Available water content of 200 mm/m (under irrigation conditions),CRUTS32,Historical,1981-2010,mm,https://s3.eu-west-1.amazonaws.com/data.gaezdev.aws.fao.org/res02/CRUTS32/Hist/8110L/ricw200a_wde.tif,279076,GAEZ_cwd_Low_Input.csv,102
RCP cwd Rain-fed High.tif,RCP,Wetland rice,cwd,ricw200b_wde,High,Rain-fed,Available water content of 200 mm/m (under rain-fed conditions),HadGEM2-ES,RCP4.5,2011-2040,mm,https://s3.eu-west-1.amazonaws.com/data.gaezdev.aws.fao.org/res02/HadGEM2-ES/rcp4p5/2020sH/ricw200b_wde.tif,330010,GAEZ_cwd_High_Input.csv,415
RCP cwd Rain-fed Low.tif,RCP,Wetland rice,cwd,ricw200b_wde,Low,Rain-fed,Available water content of 200 mm/m (under rain-fed conditions),CRUTS32,Historical,1981-2010,mm,https://s3.eu-west-1.amazonaws.com/data.gaezdev.aws.fao.org/res02/CRUTS32/Hist/8110L/ricw200b_wde.tif,282778,GAEZ_cwd_Low_Input.csv,103
RCP evt Irrigation High.tif,RCP,Wetland rice,evt,ricw200a_eta,High,Irrigation,Available water content of 200 mm/m (under irrigation conditions),HadGEM2-ES,RCP4.5,2011-2040,mm,https://s3.eu-west-1.amazonaws.com/data.gaezdev.aws.fao.org/res02/HadGEM2-ES/rcp4p5/2020sH/ricw200a_eta.tif,326085,GAEZ_evt_High_Input.csv,414
RCP evt Irrigation Low.tif,RCP,Wetland rice,evt,ricw200a_eta,Low,Irrigation,Available water content of 200 mm/m (under irrigation conditions),CRUTS32,Historical,1981-2010,mm,https://s3.eu-west-1.amazonaws.com/data.gaezdev.aws.fao.org/res02/CRUTS32/Hist/8110L/ricw200a_eta.tif,278853,GAEZ_evt_Low_Input.csv,102
RCP evt Rain-fed High.tif,RCP,Wetland rice,evt,ricw200b_eta,High,Rain-fed,Available water content of 200 mm/m (under rain-fed conditions),HadGEM2-ES,RCP4.5,2011-2040,mm,https://s3.eu-west-1.amazonaws.com/data.gaezdev.aws.fao.org/res02/HadGEM2-ES/rcp4p5/2020sH/ricw200b_eta.tif,326760,GAEZ_evt_High_Input.csv,415
RCP evt Rain-fed Low.tif,RCP,Wetland rice,evt,ricw200b_eta,Low,Rain-fed,Available water content of 200 mm/m (under rain-fed conditions),CRUTS32,Historical,1981-2010,mm,https://s3.eu-west-1.amazonaws.com/data.gaezdev.aws.fao.org/res02/CRUTS32/Hist/8110L/ricw200b_eta.tif,279528,GAEZ_evt_Low_Input.csv,103
RCP yld Irrigation High.tif,RCP,Wetland rice,yld,ricw200a_yld,High,Irrigation,Available water content of 200 mm/m (under irrigation conditions),HadGEM2-ES,RCP4.5,2011-2040,kg DW/ha,https://s3.eu-west-1.amazonaws.com/data.gaezdev.aws.fao.org/res02/HadGEM2-ES/rcp4p5/2020sH/ricw200a_yld.tif,325293,GAEZ_yld_High_Input.csv,414
RCP yld Irrigation Low.tif,RCP,Wetland rice,yld,ricw200a_yld,Low,Irrigation,Available water content of 200 mm/m (under irrigation conditions),CRUTS32,Historical,1981-2010,kg DW/ha,https://s3.eu-west-1.amazonaws.com/data.gaezdev.aws.fao.org/res02/CRUTS32/Hist/8110L/ricw200a_yld.tif,278061,GAEZ_yld_Low_Input.csv,102
RCP yld Rain-fed High.tif,RCP,Wetland rice,yld,ricw200b_yld,High,Rain-fed,Available water content of 200 mm/m (under rain-fed conditions),HadGEM2-ES,RCP4.5,2011-2040,kg DW/ha,https://s3.eu-west-1.amazonaws.com/data.gaezdev.aws.fao.org/res02/HadGEM2-ES/rcp4p5/2020sH/ricw200b_yld.tif,324865,GAEZ_yld_High_Input.csv,415
RCP yld Rain-fed Low.tif,RCP,Wetland rice,yld,ricw200b_yld,Low,Rain-fed,Available water content of 200 mm/m (under rain-fed conditions),CRUTS32,Historical,1981-2010,kg DW/ha,https://s3.eu-west-1.amazonaws.com/data.gaezdev.aws.fao.org/res02/CRUTS32/Hist/8110L/ricw200b_yld.tif,277633,GAEZ_yld_Low_Input.csv,103
SGC cwd Irrigation High.tif,SGC,Sugarcane,cwd,sugc200a_wde,High,Irrigation,Available water content of 200 mm/m (under irrigation conditions),HadGEM2-ES,RCP4.5,2011-2040,mm,https://s3.eu-west-1.amazonaws.com/data.gaezdev.aws.fao.org/res02/HadGEM2-ES/rcp4p5/2020sH/sugc200a_wde.tif,324462,GAEZ_cwd_High_Input.csv,430
SGC cwd Irrigation Low.tif,SGC,Sugarcane,cwd,sugc200a_wde,Low,Irrigation,Available water content of 200 mm/m (under irrigation conditions),CRUTS32,Historical,1981-2010,mm,https://s3.eu-west-1.amazonaws.com/data.gaezdev.aws.fao.org/res02/CRUTS32/Hist/8110L/sugc200a_wde.tif,277230,GAEZ_cwd_Low_Input.csv,118
SGC cwd Rain-fed High.tif,SGC,Sugarcane,cwd,sugc200b_wde,High,Rain-fed,Available water content of 200 mm/m (under rain-fed conditions),HadGEM2-ES,RCP4.5,2011-2040,mm,https://s3.eu-west-1.amazonaws.com/data.gaezdev.aws.fao.org/res02/HadGEM2-ES/rcp4p5/2020sH/sugc200b_wde.tif,329546,GAEZ_cwd_High_Input.csv,431
SGC cwd Rain-fed Low.tif,SGC,Sugarcane,cwd,sugc200b_wde,Low,Rain-fed,Available water content of 200 mm/m (under rain-fed conditions),CRUTS32,Historical,1981-2010,mm,https://s3.eu-west-1.amazonaws.com/data.gaezdev.aws.fao.org/res02/CRUTS32/Hist/8110L/sugc200b_wde.tif,282314,GAEZ_cwd_Low_Input.csv,119
SGC evt Irrigation High.tif,SGC,Sugarcane,evt,sugc200a_eta,High,Irrigation,Available water content of 200 mm/m (under irrigation conditions),HadGEM2-ES,RCP4.5,2011-2040,mm,https://s3.eu-west-1.amazonaws.com/data.gaezdev.aws.fao.org/res02/HadGEM2-ES/rcp4p5/2020sH/sugc200a_eta.tif,326575,GAEZ_evt_High_Input.csv,430
SGC evt Irrigation Low.tif,SGC,Sugarcane,evt,sugc200a_eta,Low,Irrigation,Available water content of 200 mm/m (under irrigation conditions),CRUTS32,Historical,1981-2010,mm,https://s3.eu-west-1.amazonaws.com/data.gaezdev.aws.fao.org/res02/CRUTS32/Hist/8110L/sugc200a_eta.tif,279343,GAEZ_evt_Low_Input.csv,118
SGC evt Rain-fed High.tif,SGC,Sugarcane,evt,sugc200b_eta,High,Rain-fed,Available water content of 200 mm/m (under rain-fed conditions),HadGEM2-ES,RCP4.5,2011-2040,mm,https://s3.eu-west-1.amazonaws.com/data.gaezdev.aws.fao.org/res02/HadGEM2-ES/rcp4p5/2020sH/sugc200b_eta.tif,325346,GAEZ_evt_High_Input.csv,431
SGC evt Rain-fed Low.tif,SGC,Sugarcane,evt,sugc200b_eta,Low,Rain-fed,Available water content of 200 mm/m (under rain-fed conditions),CRUTS32,Historical,1981-2010,mm,https://s3.eu-west-1.amazonaws.com/data.gaezdev.aws.fao.org/res02/CRUTS32/Hist/8110L/sugc200b_eta.tif,278114,GAEZ_evt_Low_Input.csv,119
SGC yld Irrigation High.tif,SGC,Sugarcane,yld,sugc200a_yld,High,Irrigation,Available water content of 200 mm/m (under irrigation conditions),HadGEM2-ES,RCP4.5,2011-2040,kg sugar/ha,https://s3.eu-west-1.amazonaws.com/data.gaezdev.aws.fao.org/res02/HadGEM2-ES/rcp4p5/2020sH/sugc200a_yld.tif,325398,GAEZ_yld_High_Input.csv,430
SGC yld Irrigation Low.tif,SGC,Sugarcane,yld,sugc200a_yld,Low,Irrigation,Available water content of 200 mm/m (under irrigation conditions),CRUTS32,Historical,1981-2010,kg sugar/ha,https://s3.eu-west-1.amazonaws.com/data.gaezdev.aws.fao.org/res02/CRUTS32/Hist/8110L/sugc200a_yld.tif,278166,GAEZ_yld_Low_Input.csv,118
SGC yld Rain-fed High.tif,SGC,Sugarcane,yld,sugc200b_yld,High,Rain-fed,Available water content of 200 mm/m (under rain-fed conditions),HadGEM2-ES,RCP4.5,2011-2040,kg sugar/ha,https://s3.eu-west-1.amazonaws.com/data.gaezdev.aws.fao.org/res02/HadGEM2-ES/rcp4p5/2020sH/sugc200b_yld.tif,325304,GAEZ_yld_High_Input.csv,431
SGC yld Rain-fed Low.tif,SGC,Sugarcane,yld,sugc200b_yld,Low,Rain-fed,Available water content of 200 mm/m (under rain-fed conditions),CRUTS32,Historical,1981-2010,kg sugar/ha,https://s3.eu-west-1.amazonaws.com/data.gaezdev.aws.fao.org/res02/CRUTS32/Hist/8110L/sugc200b_yld.tif,278072,GAEZ_yld_Low_Input.csv,119
YAM cwd Irrigation High.tif,YAM,Yam,cwd,yams200a_wde,High,Irrigation,Available water content of 200 mm/m (under irrigation conditions),HadGEM2-ES,RCP4.5,2011-2040,mm,https://s3.eu-west-1.amazonaws.com/data.gaezdev.aws.fao.org/res02/HadGEM2-ES/rcp4p5/2020sH/yams200a_wde.tif,326947,GAEZ_cwd_High_Input.csv,460
YAM cwd Irrigation Low.tif,YAM,Yam,cwd,yams200a_wde,Low,Irrigation,Available water content of 200 mm/m (under irrigation conditions),CRUTS32,Historical,1981-2010,mm,https://s3.eu-west-1.amazonaws.com/data.gaezdev.aws.fao.org/res02/CRUTS32/Hist/8110L/yams200a_wde.tif,279715,GAEZ_cwd_Low_Input.csv,148
YAM cwd Rain-fed High.tif,YAM,Yam,cwd,yams200b_wde,High,Rain-fed,Available water content of 200 mm/m (under rain-fed conditions),HadGEM2-ES,RCP4.5,2011-2040,mm,https://s3.eu-west-1.amazonaws.com/data.gaezdev.aws.fao.org/res02/HadGEM2-ES/rcp4p5/2020sH/yams200b_wde.tif,326309,GAEZ_cwd_High_Input.csv,461
YAM cwd Rain-fed Low.tif,YAM,Yam,cwd,yams200b_wde,Low,Rain-fed,Available water content of 200 mm/m (under rain-fed conditions),CRUTS32,Historical,1981-2010,mm,https://s3.eu-west-1.amazonaws.com/data.gaezdev.aws.fao.org/res02/CRUTS32/Hist/8110L/yams200b_wde.tif,279077,GAEZ_cwd_Low_Input.csv,149
YAM evt Irrigation High.tif,YAM,Yam,evt,yams200a_eta,High,Irrigation,Available water content of 200 mm/m (under irrigation conditions),HadGEM2-ES,RCP4.5,2011-2040,mm,https://s3.eu-west-1.amazonaws.com/data.gaezdev.aws.fao.org/res02/HadGEM2-ES/rcp4p5/2020sH/yams200a_eta.tif,324796,GAEZ_evt_High_Input.csv,460
YAM evt Irrigation Low.tif,YAM,Yam,evt,yams200a_eta,Low,Irrigation,Available water content of 200 mm/m (under irrigation conditions),CRUTS32,Historical,1981-2010,mm,https://s3.eu-west-1.amazonaws.com/data.gaezdev.aws.fao.org/res02/CRUTS32/Hist/8110L/yams200a_eta.tif,277564,GAEZ_evt_Low_Input.csv,148
YAM evt Rain-fed High.tif,YAM,Yam,evt,yams200b_eta,High,Rain-fed,Available water content of 200 mm/m (under rain-fed conditions),HadGEM2-ES,RCP4.5,2011-2040,mm,https://s3.eu-west-1.amazonaws.com/data.gaezdev.aws.fao.org/res02/HadGEM2-ES/rcp4p5/2020sH/yams200b_eta.tif,328911,GAEZ_evt_High_Input.csv,461
YAM evt Rain-fed Low.tif,YAM,Yam,evt,yams200b_eta,Low,Rain-fed,Available water content of 200 mm/m (under rain-fed conditions),CRUTS32,Historical,1981-2010,mm,https://s3.eu-west-1.amazonaws.com/data.gaezdev.aws.fao.org/res02/CRUTS32/Hist/8110L/yams200b_eta.tif,281679,GAEZ_evt_Low_Input.csv,149
YAM yld Irrigation High.tif,YAM,Yam,yld,yams200a_yld,High,Irrigation,Available water content of 200 mm/m (under irrigation conditions),HadGEM2-ES,RCP4.5,2011-2040,kg DW/ha,https://s3.eu-west-1.amazonaws.com/data.gaezdev.aws.fao.org/res02/HadGEM2-ES/rcp4p5/2020sH/yams200a_yld.tif,327791,GAEZ_yld_High_Input.csv,460
YAM yld Irrigation Low.tif,YAM,Yam,yld,yams200a_yld,Low,Irrigation,Available water content of 200 mm/m (under irrigation conditions),CRUTS32,Historical,1981-2010,kg DW/ha,https://s3.eu-west-1.amazonaws.com/data.gaezdev.aws.fao.org/res02/CRUTS32/Hist/8110L/yams200a_yld.tif,280559,GAEZ_yld_Low_Input.csv,148
YAM yld Rain-fed High.tif,YAM,Yam,yld,yams200b_yld,High,Rain-fed,Available water content of 200 mm/m (under rain-fed conditions),HadGEM2-ES,RCP4.5,2011-2040,kg DW/ha,https://s3.eu-west-1.amazonaws.com/data.gaezdev.aws.fao.org/res02/HadGEM2-ES/rcp4p5/2020sH/yams200b_yld.tif,327509,GAEZ_yld_High_Input.csv,461
YAM yld Rain-fed Low.tif,YAM,Yam,yld,yams200b_yld,Low,Rain-fed,Available water content of 200 mm/m (under rain-fed conditions),CRUTS32,Historical,1981-2010,kg DW/ha,https://s3.eu-west-1.amazonaws.com/data.gaezdev.aws.fao.org/res02/CRUTS32/Hist/8110L/yams200b_yld.tif,280277,GAEZ_yld_Low_Input.csv,149
