calculation_id,formula,source_ids,assumption_ids,input_calculation_ids,input_values,input_units,output_value,output_unit,script_path,script_version,notes
CALC_FISH_V29_CAPTURE_ACTIVITY_CEILING,"(12661 offshore longline tonnes + 11000 coastal commercial tonnes) / 1e6",SRC_FSH_FIJI_MOF_AR2020_21,ASM_FISH_CAPTURE_SCREENING_CEILING,,,tonne,0.023661,Mt/year,scripts/finalize_fiji_v29_fisheries_bounds.py,working-tree-2026-08-04,Constant 2020 observed-boundary screening ceiling for 2020-2050.
CALC_FISH_V29_AQUACULTURE_ACTIVITY_CEILING,"observed tilapia + freshwater prawn through 2023; sum Table 18 programme deliverables for 2024-2028; hold 2028 thereafter",SRC_FSH_FIJI_MOF_AR2021_22 SRC_FSH_FIJI_AQUACULTURE_PLAN2024_28,ASM_FISH_AQUACULTURE_PROGRAMME_CEILING,,"216.925;350;530;800;1180;1450",tonne/year,"0.000216925 through 2023; 0.000350 0.000530 0.000800 0.001180 0.001450 in 2024-2028; 0.001450 thereafter",Mt/year,scripts/finalize_fiji_v29_fisheries_bounds.py,working-tree-2026-08-04,Conservative detailed programme envelope.
CALC_FISH_V29_BOUNDS_SOLVER_VALIDATION,"deterministic checks + MUIO generation/preprocessing + GLPK + bounded/live CBC + unchanged control + annual ceiling and balance checks",SRC_FIJI_V29_FISHERIES_BOUNDS_VALIDATION,ASM_FISH_CAPTURE_SCREENING_CEILING ASM_FISH_AQUACULTURE_PROGRAMME_CEILING ASM_FISH_NO_PRODUCTION_FLOOR,CALC_FISH_V29_CAPTURE_ACTIVITY_CEILING CALC_FISH_V29_AQUACULTURE_ACTIVITY_CEILING,"control=4170.87205658; live=4182.52681513; matrix=178353x137090 with 743918 nonzeros",status; objective; matrix,"pass; +0.279432%; both ceilings bind in 31 years; max balance residual 4.31e-10",validation status,scripts/finalize_fiji_v29_fisheries_bounds.py,working-tree-2026-08-04,Final live run Fisheries_Bounds_Table18_v2.9.
CALC_LULC_SCALE,national_area_ha / classified_valid_area_ha,SRC_FAOSTAT_LAND SRC_IO_LULC_2020 SRC_FIJI_ADM0,,,"{""classified_valid_area_ha"":1752990.8,""national_area_ha"":1827290}",ha; ha,1.0423842498203642,dimensionless,scripts/migrate_fiji_v26_provenance.py,working-tree-2026-07-31,
CALC_LAND_COUNTRY_MODEL_UNITS,FAOSTAT_1000ha * 1000 / 100000,SRC_FAOSTAT_LAND,,,1827.29,1000 ha,18.2729,1000 km2,scripts/migrate_fiji_v26_provenance.py,working-tree-2026-07-31,
CALC_LAND_FOREST_MODEL_UNITS,FAOSTAT_1000ha * 1000 / 100000,SRC_FAOSTAT_LAND,,,1113.44,1000 ha,11.1344,1000 km2,scripts/migrate_fiji_v26_provenance.py,working-tree-2026-07-31,
CALC_LAND_GRASS_MODEL_UNITS,FAOSTAT_1000ha * 1000 / 100000,SRC_FAOSTAT_LAND,,,173.0,1000 ha,1.73,1000 km2,scripts/migrate_fiji_v26_provenance.py,working-tree-2026-07-31,
CALC_LAND_CROPLAND_MODEL_UNITS,FAOSTAT_1000ha * 1000 / 100000,SRC_FAOSTAT_LAND,,,138.6,1000 ha,1.386,1000 km2,scripts/migrate_fiji_v26_provenance.py,working-tree-2026-07-31,
CALC_LAND_IRRIGATION_MODEL_UNITS,FAOSTAT_1000ha * 1000 / 100000,SRC_FAOSTAT_LAND,,,4.0,1000 ha,0.04,1000 km2,scripts/migrate_fiji_v26_provenance.py,working-tree-2026-07-31,
CALC_LAND_BUILT_SCALED,pixel_count * 100 m2 / 10000 m2_per_ha * scale / 100000 ha_per_model_unit,SRC_IO_LULC_2020 SRC_FIJI_ADM0,ASM_LULC_SCALE_TO_NATIONAL,CALC_LULC_SCALE,"{""pixel_count"":4138512,""scale"":1.0423842498203642}",100 m2 pixels; dimensionless,0.4313919726492575,1000 km2,scripts/migrate_fiji_v26_provenance.py,working-tree-2026-07-31,
CALC_LAND_WATER_SCALED,pixel_count * 100 m2 / 10000 m2_per_ha * scale / 100000 ha_per_model_unit,SRC_IO_LULC_2020 SRC_FIJI_ADM0,ASM_LULC_SCALE_TO_NATIONAL,CALC_LULC_SCALE,"{""pixel_count"":1600219,""scale"":1.0423842498203642}",100 m2 pixels; dimensionless,0.16680430818632933,1000 km2,scripts/migrate_fiji_v26_provenance.py,working-tree-2026-07-31,
CALC_LAND_BARE_SCALED,pixel_count * 100 m2 / 10000 m2_per_ha * scale / 100000 ha_per_model_unit,SRC_IO_LULC_2020 SRC_FIJI_ADM0,ASM_LULC_SCALE_TO_NATIONAL,CALC_LULC_SCALE,"{""pixel_count"":25556,""scale"":1.0423842498203642}",100 m2 pixels; dimensionless,0.0026639171888409225,1000 km2,scripts/migrate_fiji_v26_provenance.py,working-tree-2026-07-31,
CALC_LAND_OTHER_RESIDUAL,MINLNDTOT - forest - grass - built - water - bare - sum(20 endogenous crop-land activities),SRC_FAOSTAT_LAND SRC_IO_LULC_2020,ASM_LAND_RESIDUAL_OTHER ASM_LAND_HORIZON_CONSTANT,CALC_LAND_COUNTRY_MODEL_UNITS CALC_LAND_FOREST_MODEL_UNITS CALC_LAND_GRASS_MODEL_UNITS CALC_LAND_BUILT_SCALED CALC_LAND_WATER_SCALED CALC_LAND_BARE_SCALED,"{""bare"":0.0026639171888409225,""built"":0.4313919726492575,""crop_land"":""endogenous"",""forest"":11.1344,""grass"":1.73,""national"":18.2729,""water"":0.16680430818632933}",1000 km2 for every term,endogenous annual residual,1000 km2,scripts/migrate_fiji_v26_provenance.py,working-tree-2026-07-31,
CALC_LAND_CROSSCHECKS,retain cross-check values without averaging them into the model stocks,SRC_FAOSTAT_LAND SRC_FIJI_AG_CENSUS SRC_FIJI_FORESTRY,,,"{""census_agricultural_land_ha"":165974,""census_farm_area_ha"":194769,""faostat_agricultural_land_ha"":311600,""faostat_other_land_ha"":401960}",ha,"{""census_agricultural_land_ha"":165974,""census_farm_area_ha"":194769,""faostat_agricultural_land_ha"":311600,""faostat_other_land_ha"":401960}",ha,scripts/migrate_fiji_v26_provenance.py,working-tree-2026-07-31,Cross-check only; no model coefficient is silently averaged.
CALC_NATIONAL_LNDYAMLITOT,"sum(zone_area[z] * source_zone_coefficient[z]) / sum(zone_area[z]) for each inherited IAR, OAR and variable-cost coefficient",SRC_FIJI_V25_CASE,ASM_ZONE_WEIGHT_TRANSFER,,"{""sum"":18.2729,""zone_weights"":[1.7554,8.7102,6.1404,1.6669]}",1000 km2,"{""current_mode"":1,""water_coefficient_2020"":2.519977923591767}",model coefficient,scripts/create_fiji_v26_national_land.py,working-tree-2026-07-31,
CALC_NATIONAL_LNDYAMLRTOT,"sum(zone_area[z] * source_zone_coefficient[z]) / sum(zone_area[z]) for each inherited IAR, OAR and variable-cost coefficient",SRC_FIJI_V25_CASE,ASM_ZONE_WEIGHT_TRANSFER,,"{""sum"":18.2729,""zone_weights"":[1.7554,8.7102,6.1404,1.6669]}",1000 km2,"{""current_mode"":1,""water_coefficient_2020"":2.5619928199683684}",model coefficient,scripts/create_fiji_v26_national_land.py,working-tree-2026-07-31,
CALC_NATIONAL_LNDCONLRTOT,"sum(zone_area[z] * source_zone_coefficient[z]) / sum(zone_area[z]) for each inherited IAR, OAR and variable-cost coefficient",SRC_FIJI_V25_CASE,ASM_ZONE_WEIGHT_TRANSFER,,"{""sum"":18.2729,""zone_weights"":[1.7554,8.7102,6.1404,1.6669]}",1000 km2,"{""current_mode"":1,""water_coefficient_2020"":2.550483606871378}",model coefficient,scripts/create_fiji_v26_national_land.py,working-tree-2026-07-31,
CALC_NATIONAL_LNDCASHITOT,"sum(zone_area[z] * source_zone_coefficient[z]) / sum(zone_area[z]) for each inherited IAR, OAR and variable-cost coefficient",SRC_FIJI_V25_CASE,ASM_ZONE_WEIGHT_TRANSFER,,"{""sum"":18.2729,""zone_weights"":[1.7554,8.7102,6.1404,1.6669]}",1000 km2,"{""current_mode"":1,""water_coefficient_2020"":2.5564179249051873}",model coefficient,scripts/create_fiji_v26_national_land.py,working-tree-2026-07-31,
CALC_NATIONAL_LNDCASLRTOT,"sum(zone_area[z] * source_zone_coefficient[z]) / sum(zone_area[z]) for each inherited IAR, OAR and variable-cost coefficient",SRC_FIJI_V25_CASE,ASM_ZONE_WEIGHT_TRANSFER,,"{""sum"":18.2729,""zone_weights"":[1.7554,8.7102,6.1404,1.6669]}",1000 km2,"{""current_mode"":1,""water_coefficient_2020"":2.5459418647286416}",model coefficient,scripts/create_fiji_v26_national_land.py,working-tree-2026-07-31,
CALC_NATIONAL_LNDSGCHITOT,"sum(zone_area[z] * source_zone_coefficient[z]) / sum(zone_area[z]) for each inherited IAR, OAR and variable-cost coefficient",SRC_FIJI_V25_CASE,ASM_ZONE_WEIGHT_TRANSFER,,"{""sum"":18.2729,""zone_weights"":[1.7554,8.7102,6.1404,1.6669]}",1000 km2,"{""current_mode"":1,""water_coefficient_2020"":2.5589206639340225}",model coefficient,scripts/create_fiji_v26_national_land.py,working-tree-2026-07-31,
CALC_NATIONAL_LNDSGCLITOT,"sum(zone_area[z] * source_zone_coefficient[z]) / sum(zone_area[z]) for each inherited IAR, OAR and variable-cost coefficient",SRC_FIJI_V25_CASE,ASM_ZONE_WEIGHT_TRANSFER,,"{""sum"":18.2729,""zone_weights"":[1.7554,8.7102,6.1404,1.6669]}",1000 km2,"{""current_mode"":1,""water_coefficient_2020"":2.528743352177268}",model coefficient,scripts/create_fiji_v26_national_land.py,working-tree-2026-07-31,
CALC_NATIONAL_LNDCONHRTOT,"sum(zone_area[z] * source_zone_coefficient[z]) / sum(zone_area[z]) for each inherited IAR, OAR and variable-cost coefficient",SRC_FIJI_V25_CASE,ASM_ZONE_WEIGHT_TRANSFER,,"{""sum"":18.2729,""zone_weights"":[1.7554,8.7102,6.1404,1.6669]}",1000 km2,"{""current_mode"":1,""water_coefficient_2020"":2.5623574200044876}",model coefficient,scripts/create_fiji_v26_national_land.py,working-tree-2026-07-31,
CALC_NATIONAL_LNDCONHITOT,"sum(zone_area[z] * source_zone_coefficient[z]) / sum(zone_area[z]) for each inherited IAR, OAR and variable-cost coefficient",SRC_FIJI_V25_CASE,ASM_ZONE_WEIGHT_TRANSFER,,"{""sum"":18.2729,""zone_weights"":[1.7554,8.7102,6.1404,1.6669]}",1000 km2,"{""current_mode"":1,""water_coefficient_2020"":2.5416012346151953}",model coefficient,scripts/create_fiji_v26_national_land.py,working-tree-2026-07-31,
CALC_NATIONAL_LNDCONLITOT,"sum(zone_area[z] * source_zone_coefficient[z]) / sum(zone_area[z]) for each inherited IAR, OAR and variable-cost coefficient",SRC_FIJI_V25_CASE,ASM_ZONE_WEIGHT_TRANSFER,,"{""sum"":18.2729,""zone_weights"":[1.7554,8.7102,6.1404,1.6669]}",1000 km2,"{""current_mode"":1,""water_coefficient_2020"":2.5181281624701057}",model coefficient,scripts/create_fiji_v26_national_land.py,working-tree-2026-07-31,
CALC_NATIONAL_LNDCASHRTOT,"sum(zone_area[z] * source_zone_coefficient[z]) / sum(zone_area[z]) for each inherited IAR, OAR and variable-cost coefficient",SRC_FIJI_V25_CASE,ASM_ZONE_WEIGHT_TRANSFER,,"{""sum"":18.2729,""zone_weights"":[1.7554,8.7102,6.1404,1.6669]}",1000 km2,"{""current_mode"":1,""water_coefficient_2020"":2.5294295596210783}",model coefficient,scripts/create_fiji_v26_national_land.py,working-tree-2026-07-31,
CALC_NATIONAL_LNDYAMHITOT,"sum(zone_area[z] * source_zone_coefficient[z]) / sum(zone_area[z]) for each inherited IAR, OAR and variable-cost coefficient",SRC_FIJI_V25_CASE,ASM_ZONE_WEIGHT_TRANSFER,,"{""sum"":18.2729,""zone_weights"":[1.7554,8.7102,6.1404,1.6669]}",1000 km2,"{""current_mode"":1,""water_coefficient_2020"":2.5850240574840337}",model coefficient,scripts/create_fiji_v26_national_land.py,working-tree-2026-07-31,
CALC_NATIONAL_LNDCASLITOT,"sum(zone_area[z] * source_zone_coefficient[z]) / sum(zone_area[z]) for each inherited IAR, OAR and variable-cost coefficient",SRC_FIJI_V25_CASE,ASM_ZONE_WEIGHT_TRANSFER,,"{""sum"":18.2729,""zone_weights"":[1.7554,8.7102,6.1404,1.6669]}",1000 km2,"{""current_mode"":1,""water_coefficient_2020"":2.5426490485910827}",model coefficient,scripts/create_fiji_v26_national_land.py,working-tree-2026-07-31,
CALC_NATIONAL_LNDYAMHRTOT,"sum(zone_area[z] * source_zone_coefficient[z]) / sum(zone_area[z]) for each inherited IAR, OAR and variable-cost coefficient",SRC_FIJI_V25_CASE,ASM_ZONE_WEIGHT_TRANSFER,,"{""sum"":18.2729,""zone_weights"":[1.7554,8.7102,6.1404,1.6669]}",1000 km2,"{""current_mode"":1,""water_coefficient_2020"":2.520619102605498}",model coefficient,scripts/create_fiji_v26_national_land.py,working-tree-2026-07-31,
CALC_NATIONAL_LNDSGCHRTOT,"sum(zone_area[z] * source_zone_coefficient[z]) / sum(zone_area[z]) for each inherited IAR, OAR and variable-cost coefficient",SRC_FIJI_V25_CASE,ASM_ZONE_WEIGHT_TRANSFER,,"{""sum"":18.2729,""zone_weights"":[1.7554,8.7102,6.1404,1.6669]}",1000 km2,"{""current_mode"":1,""water_coefficient_2020"":2.5233439027193274}",model coefficient,scripts/create_fiji_v26_national_land.py,working-tree-2026-07-31,
CALC_NATIONAL_LNDSGCLRTOT,"sum(zone_area[z] * source_zone_coefficient[z]) / sum(zone_area[z]) for each inherited IAR, OAR and variable-cost coefficient",SRC_FIJI_V25_CASE,ASM_ZONE_WEIGHT_TRANSFER,,"{""sum"":18.2729,""zone_weights"":[1.7554,8.7102,6.1404,1.6669]}",1000 km2,"{""current_mode"":1,""water_coefficient_2020"":2.5295513027488794}",model coefficient,scripts/create_fiji_v26_national_land.py,working-tree-2026-07-31,
CALC_NATIONAL_LNDOTHLITOT,"sum(zone_area[z] * source_zone_coefficient[z]) / sum(zone_area[z]) for each inherited IAR, OAR and variable-cost coefficient",SRC_FIJI_V25_CASE,ASM_ZONE_WEIGHT_TRANSFER,,"{""sum"":18.2729,""zone_weights"":[1.7554,8.7102,6.1404,1.6669]}",1000 km2,"{""current_mode"":1,""water_coefficient_2020"":2.5777321005423333}",model coefficient,scripts/create_fiji_v26_national_land.py,working-tree-2026-07-31,
CALC_NATIONAL_LNDOTHHITOT,"sum(zone_area[z] * source_zone_coefficient[z]) / sum(zone_area[z]) for each inherited IAR, OAR and variable-cost coefficient",SRC_FIJI_V25_CASE,ASM_ZONE_WEIGHT_TRANSFER,,"{""sum"":18.2729,""zone_weights"":[1.7554,8.7102,6.1404,1.6669]}",1000 km2,"{""current_mode"":1,""water_coefficient_2020"":2.5732573756765484}",model coefficient,scripts/create_fiji_v26_national_land.py,working-tree-2026-07-31,
CALC_NATIONAL_LNDOTHLRTOT,"sum(zone_area[z] * source_zone_coefficient[z]) / sum(zone_area[z]) for each inherited IAR, OAR and variable-cost coefficient",SRC_FIJI_V25_CASE,ASM_ZONE_WEIGHT_TRANSFER,,"{""sum"":18.2729,""zone_weights"":[1.7554,8.7102,6.1404,1.6669]}",1000 km2,"{""current_mode"":1,""water_coefficient_2020"":2.5643173223735696}",model coefficient,scripts/create_fiji_v26_national_land.py,working-tree-2026-07-31,
CALC_NATIONAL_LNDOTHHRTOT,"sum(zone_area[z] * source_zone_coefficient[z]) / sum(zone_area[z]) for each inherited IAR, OAR and variable-cost coefficient",SRC_FIJI_V25_CASE,ASM_ZONE_WEIGHT_TRANSFER,,"{""sum"":18.2729,""zone_weights"":[1.7554,8.7102,6.1404,1.6669]}",1000 km2,"{""current_mode"":1,""water_coefficient_2020"":2.5687363253780187}",model coefficient,scripts/create_fiji_v26_national_land.py,working-tree-2026-07-31,
CALC_NATIONAL_LNDBARTOT,"sum(zone_area[z] * source_zone_coefficient[z]) / sum(zone_area[z]) for each inherited IAR, OAR and variable-cost coefficient",SRC_FIJI_V25_CASE,ASM_ZONE_WEIGHT_TRANSFER,,"{""sum"":18.2729,""zone_weights"":[1.7554,8.7102,6.1404,1.6669]}",1000 km2,"{""current_mode"":1,""water_coefficient_2020"":2.546161991254809}",model coefficient,scripts/create_fiji_v26_national_land.py,working-tree-2026-07-31,
CALC_NATIONAL_LNDBLTTOT,"sum(zone_area[z] * source_zone_coefficient[z]) / sum(zone_area[z]) for each inherited IAR, OAR and variable-cost coefficient",SRC_FIJI_V25_CASE,ASM_ZONE_WEIGHT_TRANSFER,,"{""sum"":18.2729,""zone_weights"":[1.7554,8.7102,6.1404,1.6669]}",1000 km2,"{""current_mode"":1,""water_coefficient_2020"":2.5529969955507883}",model coefficient,scripts/create_fiji_v26_national_land.py,working-tree-2026-07-31,
CALC_NATIONAL_LNDFORTOT,"sum(zone_area[z] * source_zone_coefficient[z]) / sum(zone_area[z]) for each inherited IAR, OAR and variable-cost coefficient",SRC_FIJI_V25_CASE,ASM_ZONE_WEIGHT_TRANSFER,,"{""sum"":18.2729,""zone_weights"":[1.7554,8.7102,6.1404,1.6669]}",1000 km2,"{""current_mode"":1,""water_coefficient_2020"":2.551384531190999}",model coefficient,scripts/create_fiji_v26_national_land.py,working-tree-2026-07-31,
CALC_NATIONAL_LNDGRSTOT,"sum(zone_area[z] * source_zone_coefficient[z]) / sum(zone_area[z]) for each inherited IAR, OAR and variable-cost coefficient",SRC_FIJI_V25_CASE,ASM_ZONE_WEIGHT_TRANSFER,,"{""sum"":18.2729,""zone_weights"":[1.7554,8.7102,6.1404,1.6669]}",1000 km2,"{""current_mode"":1,""water_coefficient_2020"":2.5509318663156915}",model coefficient,scripts/create_fiji_v26_national_land.py,working-tree-2026-07-31,
CALC_NATIONAL_LNDOTHTOT,"sum(zone_area[z] * source_zone_coefficient[z]) / sum(zone_area[z]) for each inherited IAR, OAR and variable-cost coefficient",SRC_FIJI_V25_CASE,ASM_ZONE_WEIGHT_TRANSFER,,"{""sum"":18.2729,""zone_weights"":[1.7554,8.7102,6.1404,1.6669]}",1000 km2,"{""current_mode"":1,""water_coefficient_2020"":2.5509318663156915}",model coefficient,scripts/create_fiji_v26_national_land.py,working-tree-2026-07-31,
CALC_NATIONAL_LNDWATTOT,"sum(zone_area[z] * source_zone_coefficient[z]) / sum(zone_area[z]) for each inherited IAR, OAR and variable-cost coefficient",SRC_FIJI_V25_CASE,ASM_ZONE_WEIGHT_TRANSFER,,"{""sum"":18.2729,""zone_weights"":[1.7554,8.7102,6.1404,1.6669]}",1000 km2,"{""current_mode"":1,""water_coefficient_2020"":2.567174630190063}",model coefficient,scripts/create_fiji_v26_national_land.py,working-tree-2026-07-31,
CALC_ENV_LAND,forest + grass/pasture + other/fallow + bare,SRC_FAOSTAT_LAND SRC_IO_LULC_2020,ASM_LAND_RESIDUAL_OTHER ASM_LAND_HORIZON_CONSTANT,CALC_LAND_FOREST_MODEL_UNITS CALC_LAND_GRASS_MODEL_UNITS CALC_LAND_OTHER_RESIDUAL CALC_LAND_BARE_SCALED,"{""bare"":0.0026639171888409225,""forest"":11.1344,""grass"":1.73,""other"":""endogenous residual""}",1000 km2,LNDFORTOT + LNDGRSTOT + LNDOTHTOT + LNDBARTOT,1000 km2,scripts/create_fiji_v26_national_land.py,working-tree-2026-07-31,
CALC_ENV_WATER,"sum(activity * (OAR - IAR)) across WTREVTFJI, WTRGRCFJI and WTRSURFJI, with ENV_WATER consuming the remaining positive balance",SRC_FIJI_V25_CASE,ASM_WATER_COEFFICIENT_LINEAGE,,"{""1"":77.27623209624487,""2"":4.032553600713553,""3"":70.2912121672309}",km3 mode upper bounds,exact annual zero residual,km3,scripts/create_fiji_v26_national_land.py,working-tree-2026-07-31,
CALC_THERMAL_2020,fuel_tonnes*41.7/1e6; thermal_MWh*0.0000036; fuel_input_PJ/thermal_output_PJ; price_FJD_per_tonne/41.7/FX,SRC_EFL_ANNUAL SRC_RBF_FX SRC_FIJI_PHASE1F,ASM_THERMAL_NCV,,"{""fuel_tonnes"":74025,""fx_fjd_per_usd"":2.16880492424242,""price_fjd_per_tonne"":1270.69,""thermal_mwh"":349970}",MWh; tonne; FJD/tonne; FJD/USD,"{""input_activity_ratio"":2.4500850072863387,""variable_cost_usd_per_gj"":14.05021812408546}",PJ/PJ; USD/GJ,scripts/migrate_fiji_v26_provenance.py,working-tree-2026-07-31,
CALC_THERMAL_2021,fuel_tonnes*41.7/1e6; thermal_MWh*0.0000036; fuel_input_PJ/thermal_output_PJ; price_FJD_per_tonne/41.7/FX,SRC_EFL_ANNUAL SRC_RBF_FX SRC_FIJI_PHASE1F,ASM_THERMAL_NCV,,"{""fuel_tonnes"":70715,""fx_fjd_per_usd"":2.07063333333333,""price_fjd_per_tonne"":1402.18,""thermal_mwh"":327810}",MWh; tonne; FJD/tonne; FJD/USD,"{""input_activity_ratio"":2.4987505465564404,""variable_cost_usd_per_gj"":16.2391955750746}",PJ/PJ; USD/GJ,scripts/migrate_fiji_v26_provenance.py,working-tree-2026-07-31,
CALC_THERMAL_2022,fuel_tonnes*41.7/1e6; thermal_MWh*0.0000036; fuel_input_PJ/thermal_output_PJ; price_FJD_per_tonne/41.7/FX,SRC_EFL_ANNUAL SRC_RBF_FX SRC_FIJI_PHASE1F,ASM_THERMAL_NCV,,"{""fuel_tonnes"":88658,""fx_fjd_per_usd"":2.2014069869585,""price_fjd_per_tonne"":1874.7,""thermal_mwh"":409801}",MWh; tonne; FJD/tonne; FJD/USD,"{""input_activity_ratio"":2.5059850187448705,""variable_cost_usd_per_gj"":20.421864198081426}",PJ/PJ; USD/GJ,scripts/migrate_fiji_v26_provenance.py,working-tree-2026-07-31,
CALC_THERMAL_2023,fuel_tonnes*41.7/1e6; thermal_MWh*0.0000036; fuel_input_PJ/thermal_output_PJ; price_FJD_per_tonne/41.7/FX,SRC_EFL_ANNUAL SRC_RBF_FX SRC_FIJI_PHASE1F,ASM_THERMAL_NCV,,"{""fuel_tonnes"":109573,""fx_fjd_per_usd"":2.250125,""price_fjd_per_tonne"":1787.94,""thermal_mwh"":505547}",MWh; tonne; FJD/tonne; FJD/USD,"{""input_activity_ratio"":2.5105886956768284,""variable_cost_usd_per_gj"":19.05505649366402}",PJ/PJ; USD/GJ,scripts/migrate_fiji_v26_provenance.py,working-tree-2026-07-31,
CALC_THERMAL_2024,fuel_tonnes*41.7/1e6; thermal_MWh*0.0000036; fuel_input_PJ/thermal_output_PJ; price_FJD_per_tonne/41.7/FX,SRC_EFL_ANNUAL SRC_RBF_FX SRC_FIJI_PHASE1F,ASM_THERMAL_NCV,,"{""fuel_tonnes"":115368,""fx_fjd_per_usd"":2.2683,""price_fjd_per_tonne"":1871.44,""thermal_mwh"":523752}",MWh; tonne; FJD/tonne; FJD/USD,"{""input_activity_ratio"":2.551486199575372,""variable_cost_usd_per_gj"":19.785150586051458}",PJ/PJ; USD/GJ,scripts/migrate_fiji_v26_provenance.py,working-tree-2026-07-31,
CALC_THERMAL_FROZEN_HEAT_RATE,sum(2020..2022 fuel_input_PJ) / sum(2020..2022 thermal_output_PJ),SRC_EFL_ANNUAL SRC_FIJI_PHASE1F,ASM_THERMAL_NCV,CALC_THERMAL_2020 CALC_THERMAL_2021 CALC_THERMAL_2022,"{""fuel_input_pj"":[3.0868425,2.9488155,3.6970386],""thermal_output_pj"":[1.259892,1.180116,1.4752836]}",PJ; PJ,2.4858165353507773,PJ/PJ,scripts/migrate_fiji_v26_provenance.py,working-tree-2026-07-31,
CALC_CROP_CAS_2020,production_t / area_ha / 10,SRC_FAOSTAT_CROPS,,,"{""area_ha"":3595.0,""production_t"":71890.0}",ha; tonne,1.999721835883171,Mt crop per 1000 km2,scripts/migrate_fiji_v26_provenance.py,working-tree-2026-07-31,
CALC_CROP_CAS_2021,production_t / area_ha / 10,SRC_FAOSTAT_CROPS,,,"{""area_ha"":4310.0,""production_t"":86194.46}",ha; tonne,1.9998714617169377,Mt crop per 1000 km2,scripts/migrate_fiji_v26_provenance.py,working-tree-2026-07-31,
CALC_CROP_CAS_2022,production_t / area_ha / 10,SRC_FAOSTAT_CROPS,,,"{""area_ha"":5690.0,""production_t"":93837.01}",ha; tonne,1.6491565905096661,Mt crop per 1000 km2,scripts/migrate_fiji_v26_provenance.py,working-tree-2026-07-31,
CALC_CROP_CAS_2023,production_t / area_ha / 10,SRC_FAOSTAT_CROPS,,,"{""area_ha"":6042.0,""production_t"":106909.2}",ha; tonne,1.7694339622641508,Mt crop per 1000 km2,scripts/migrate_fiji_v26_provenance.py,working-tree-2026-07-31,
CALC_CROP_CAS_2024,production_t / area_ha / 10,SRC_FAOSTAT_CROPS,,,"{""area_ha"":6817.0,""production_t"":120250.0}",ha; tonne,1.7639724218864603,Mt crop per 1000 km2,scripts/migrate_fiji_v26_provenance.py,working-tree-2026-07-31,
CALC_CROP_DEMAND_CAS,observed production_t/1e6 through 2024; after 2024 use FAOSTAT_2024 * inherited(year)/inherited(2024),SRC_FAOSTAT_CROPS SRC_FIJI_V25_CASE,ASM_CROP_POST2022_YIELD,,"{""2020"":71890.0,""2021"":86194.46,""2022"":93837.01,""2023"":106909.2,""2024"":120250.0}",tonne/year,"{""2020"":0.07189,""2021"":0.08619446,""2022"":0.09383701,""2023"":0.1069092,""2024"":0.12025}",Mt,scripts/migrate_fiji_v26_provenance.py,working-tree-2026-07-31,
CALC_CROP_CON_2020,production_t / area_ha / 10,SRC_FAOSTAT_CROPS,,,"{""area_ha"":5420.0,""production_t"":21679.5}",ha; tonne,0.39999077490774904,Mt crop per 1000 km2,scripts/migrate_fiji_v26_provenance.py,working-tree-2026-07-31,
CALC_CROP_CON_2021,production_t / area_ha / 10,SRC_FAOSTAT_CROPS,,,"{""area_ha"":5003.0,""production_t"":20012.0}",ha; tonne,0.4,Mt crop per 1000 km2,scripts/migrate_fiji_v26_provenance.py,working-tree-2026-07-31,
CALC_CROP_CON_2022,production_t / area_ha / 10,SRC_FAOSTAT_CROPS,,,"{""area_ha"":3133.0,""production_t"":18675.52}",ha; tonne,0.5960906479412704,Mt crop per 1000 km2,scripts/migrate_fiji_v26_provenance.py,working-tree-2026-07-31,
CALC_CROP_CON_2023,production_t / area_ha / 10,SRC_FAOSTAT_CROPS,,,"{""area_ha"":2796.0,""production_t"":21931.5}",ha; tonne,0.7843884120171674,Mt crop per 1000 km2,scripts/migrate_fiji_v26_provenance.py,working-tree-2026-07-31,
CALC_CROP_CON_2024,production_t / area_ha / 10,SRC_FAOSTAT_CROPS,,,"{""area_ha"":3125.0,""production_t"":25000.0}",ha; tonne,0.8,Mt crop per 1000 km2,scripts/migrate_fiji_v26_provenance.py,working-tree-2026-07-31,
CALC_CROP_DEMAND_CON,observed production_t/1e6 through 2024; after 2024 use FAOSTAT_2024 * inherited(year)/inherited(2024),SRC_FAOSTAT_CROPS SRC_FIJI_V25_CASE,ASM_CROP_POST2022_YIELD,,"{""2020"":21679.5,""2021"":20012.0,""2022"":18675.52,""2023"":21931.5,""2024"":25000.0}",tonne/year,"{""2020"":0.0216795,""2021"":0.020012,""2022"":0.01867552,""2023"":0.0219315,""2024"":0.025}",Mt,scripts/migrate_fiji_v26_provenance.py,working-tree-2026-07-31,
CALC_CROP_OTH_2020,production_t / area_ha / 10,SRC_FAOSTAT_CROPS,,,"{""area_ha"":12162.0,""production_t"":62669.04}",ha; tonne,0.5152856438085841,Mt crop per 1000 km2,scripts/migrate_fiji_v26_provenance.py,working-tree-2026-07-31,
CALC_CROP_OTH_2021,production_t / area_ha / 10,SRC_FAOSTAT_CROPS,,,"{""area_ha"":12307.0,""production_t"":63243.61}",ha; tonne,0.5138832371820915,Mt crop per 1000 km2,scripts/migrate_fiji_v26_provenance.py,working-tree-2026-07-31,
CALC_CROP_OTH_2022,production_t / area_ha / 10,SRC_FAOSTAT_CROPS,,,"{""area_ha"":15858.0,""production_t"":73376.18}",ha; tonne,0.46270765544204817,Mt crop per 1000 km2,scripts/migrate_fiji_v26_provenance.py,working-tree-2026-07-31,
CALC_CROP_OTH_2023,production_t / area_ha / 10,SRC_FAOSTAT_CROPS,,,"{""area_ha"":14483.0,""production_t"":81088.41}",ha; tonne,0.5598868328385003,Mt crop per 1000 km2,scripts/migrate_fiji_v26_provenance.py,working-tree-2026-07-31,
CALC_CROP_OTH_2024,production_t / area_ha / 10,SRC_FAOSTAT_CROPS,,,"{""area_ha"":15452.0,""production_t"":84014.73}",ha; tonne,0.5437142764690654,Mt crop per 1000 km2,scripts/migrate_fiji_v26_provenance.py,working-tree-2026-07-31,
CALC_CROP_DEMAND_OTH,observed production_t/1e6 through 2024; after 2024 use FAOSTAT_2024 * inherited(year)/inherited(2024),SRC_FAOSTAT_CROPS SRC_FIJI_V25_CASE,ASM_CROP_POST2022_YIELD,,"{""2020"":62669.04,""2021"":63243.61,""2022"":73376.18,""2023"":81088.41,""2024"":84014.73}",tonne/year,"{""2020"":0.06266904,""2021"":0.06324361,""2022"":0.07337618,""2023"":0.08108841,""2024"":0.08401473}",Mt,scripts/migrate_fiji_v26_provenance.py,working-tree-2026-07-31,
CALC_CROP_SGC_2020,production_t / area_ha / 10,SRC_FAOSTAT_CROPS,,,"{""area_ha"":38000.0,""production_t"":1726000.0}",ha; tonne,4.542105263157895,Mt crop per 1000 km2,scripts/migrate_fiji_v26_provenance.py,working-tree-2026-07-31,
CALC_CROP_SGC_2021,production_t / area_ha / 10,SRC_FAOSTAT_CROPS,,,"{""area_ha"":34000.0,""production_t"":1417000.0}",ha; tonne,4.16764705882353,Mt crop per 1000 km2,scripts/migrate_fiji_v26_provenance.py,working-tree-2026-07-31,
CALC_CROP_SGC_2022,production_t / area_ha / 10,SRC_FAOSTAT_CROPS,,,"{""area_ha"":39976.0,""production_t"":1639000.0}",ha; tonne,4.099959975985591,Mt crop per 1000 km2,scripts/migrate_fiji_v26_provenance.py,working-tree-2026-07-31,
CALC_CROP_SGC_2023,production_t / area_ha / 10,SRC_FAOSTAT_CROPS,,,"{""area_ha"":30848.0,""production_t"":1565564.0}",ha; tonne,5.075090767634855,Mt crop per 1000 km2,scripts/migrate_fiji_v26_provenance.py,working-tree-2026-07-31,
CALC_CROP_SGC_2024,production_t / area_ha / 10,SRC_FAOSTAT_CROPS,,,"{""area_ha"":35000.0,""production_t"":1332000.0}",ha; tonne,3.8057142857142856,Mt crop per 1000 km2,scripts/migrate_fiji_v26_provenance.py,working-tree-2026-07-31,
CALC_CROP_DEMAND_SGC,observed production_t/1e6 through 2024; after 2024 use FAOSTAT_2024 * inherited(year)/inherited(2024),SRC_FAOSTAT_CROPS SRC_FIJI_V25_CASE,ASM_CROP_POST2022_YIELD,,"{""2020"":1726000.0,""2021"":1417000.0,""2022"":1639000.0,""2023"":1565564.0,""2024"":1332000.0}",tonne/year,{},Mt,scripts/migrate_fiji_v26_provenance.py,working-tree-2026-07-31,
CALC_CROP_YAM_2020,production_t / area_ha / 10,SRC_FAOSTAT_CROPS,,,"{""area_ha"":4346.0,""production_t"":53893.7}",ha; tonne,1.2400759318913943,Mt crop per 1000 km2,scripts/migrate_fiji_v26_provenance.py,working-tree-2026-07-31,
CALC_CROP_YAM_2021,production_t / area_ha / 10,SRC_FAOSTAT_CROPS,,,"{""area_ha"":4563.0,""production_t"":54751.41}",ha; tonne,1.1998994082840237,Mt crop per 1000 km2,scripts/migrate_fiji_v26_provenance.py,working-tree-2026-07-31,
CALC_CROP_YAM_2022,production_t / area_ha / 10,SRC_FAOSTAT_CROPS,,,"{""area_ha"":3279.0,""production_t"":65573.28}",ha; tonne,1.9997950594693503,Mt crop per 1000 km2,scripts/migrate_fiji_v26_provenance.py,working-tree-2026-07-31,
CALC_CROP_YAM_2023,production_t / area_ha / 10,SRC_FAOSTAT_CROPS,,,"{""area_ha"":3353.0,""production_t"":67056.8}",ha; tonne,1.9999045630778407,Mt crop per 1000 km2,scripts/migrate_fiji_v26_provenance.py,working-tree-2026-07-31,
CALC_CROP_YAM_2024,production_t / area_ha / 10,SRC_FAOSTAT_CROPS,,,"{""area_ha"":3406.0,""production_t"":68124.0}",ha; tonne,2.0001174398120964,Mt crop per 1000 km2,scripts/migrate_fiji_v26_provenance.py,working-tree-2026-07-31,
CALC_CROP_DEMAND_YAM,observed production_t/1e6 through 2024; after 2024 use FAOSTAT_2024 * inherited(year)/inherited(2024),SRC_FAOSTAT_CROPS SRC_FIJI_V25_CASE,ASM_CROP_POST2022_YIELD,,"{""2020"":53893.7,""2021"":54751.41,""2022"":65573.28,""2023"":67056.8,""2024"":68124.0}",tonne/year,"{""2020"":0.053893699999999996,""2021"":0.05475141,""2022"":0.06557328,""2023"":0.0670568,""2024"":0.068124}",Mt,scripts/migrate_fiji_v26_provenance.py,working-tree-2026-07-31,
CALC_ROAD_GASOLINE,UNSD 10^3 tonnes * NCV_GJ_per_tonne / 1000,SRC_UNSD_ENERGY SRC_UNSD_DSD SRC_FIJI_ENERGY_ACCOUNT SRC_FIJI_IMTS,ASM_FUTURE_FINAL_ENERGY ASM_EQUAL_TIMESLICES,,"{""ncv"":44.3,""product"":""4652"",""transaction"":1221}",code; GJ/tonne; code,"{""2020"":4.81541,""2021"":3.21175,""2022"":4.04016,""2023"":5.38245}",PJ,scripts/migrate_fiji_v26_provenance.py,working-tree-2026-07-31,
CALC_ROAD_DIESEL,UNSD 10^3 tonnes * NCV_GJ_per_tonne / 1000,SRC_UNSD_ENERGY SRC_UNSD_DSD SRC_FIJI_ENERGY_ACCOUNT SRC_FIJI_IMTS,ASM_FUTURE_FINAL_ENERGY ASM_EQUAL_TIMESLICES,,"{""ncv"":43.0,""product"":""4670"",""transaction"":1221}",code; GJ/tonne; code,"{""2020"":3.569,""2021"":2.69825,""2022"":4.28796,""2023"":4.90802}",PJ,scripts/migrate_fiji_v26_provenance.py,working-tree-2026-07-31,
CALC_PETROLEUM_DEMINDDSL,sum(OBS_VALUE_1000t * CONVERSION_FACTOR_GJ_per_t / 1000) over listed UNSD source rows,SRC_UNSD_ENERGY SRC_UNSD_DSD SRC_FIJI_GHG_NIR,ASM_FUTURE_FINAL_ENERGY ASM_EQUAL_TIMESLICES,,"[[""4670"",""121""]]","UNSD product,transaction codes","{""2020"":2.924,""2021"":2.236,""2022"":2.6101,""2023"":2.8724000000000003}",PJ,scripts/migrate_fiji_v26_provenance.py,working-tree-2026-07-31,
CALC_PETROLEUM_DEMAGRDSL,sum(OBS_VALUE_1000t * CONVERSION_FACTOR_GJ_per_t / 1000) over listed UNSD source rows,SRC_UNSD_ENERGY SRC_UNSD_DSD SRC_FIJI_GHG_NIR,ASM_FUTURE_FINAL_ENERGY ASM_EQUAL_TIMESLICES,,"[[""4670"",""1232""]]","UNSD product,transaction codes","{""2020"":0.45580000000000004,""2021"":0.45580000000000004,""2022"":0.3827,""2023"":0.4343}",PJ,scripts/migrate_fiji_v26_provenance.py,working-tree-2026-07-31,
CALC_PETROLEUM_DEMINDHFO,sum(OBS_VALUE_1000t * CONVERSION_FACTOR_GJ_per_t / 1000) over listed UNSD source rows,SRC_UNSD_ENERGY SRC_UNSD_DSD SRC_FIJI_GHG_NIR,ASM_FUTURE_FINAL_ENERGY ASM_EQUAL_TIMESLICES,,"[[""4680"",""121""]]","UNSD product,transaction codes","{""2020"":0.8887999999999999,""2021"":0.404,""2022"":1.18776,""2023"":0.879104}",PJ,scripts/migrate_fiji_v26_provenance.py,working-tree-2026-07-31,
CALC_PETROLEUM_DEMRESLPG,sum(OBS_VALUE_1000t * CONVERSION_FACTOR_GJ_per_t / 1000) over listed UNSD source rows,SRC_UNSD_ENERGY SRC_UNSD_DSD SRC_FIJI_GHG_NIR,ASM_FUTURE_FINAL_ENERGY ASM_EQUAL_TIMESLICES,,"[[""4630"",""1231""]]","UNSD product,transaction codes","{""2020"":1.1351999999999998,""2021"":1.1351999999999998,""2022"":1.1351999999999998,""2023"":1.21088}",PJ,scripts/migrate_fiji_v26_provenance.py,working-tree-2026-07-31,
CALC_PETROLEUM_DEMCOMLPG,sum(OBS_VALUE_1000t * CONVERSION_FACTOR_GJ_per_t / 1000) over listed UNSD source rows,SRC_UNSD_ENERGY SRC_UNSD_DSD SRC_FIJI_GHG_NIR,ASM_FUTURE_FINAL_ENERGY ASM_EQUAL_TIMESLICES,,"[[""4630"",""1235""]]","UNSD product,transaction codes","{""2020"":0.11257399999999998,""2021"":0.101695,""2022"":0.13244,""2023"":0.14189999999999997}",PJ,scripts/migrate_fiji_v26_provenance.py,working-tree-2026-07-31,
CALC_PETROLEUM_DEMRESKER,sum(OBS_VALUE_1000t * CONVERSION_FACTOR_GJ_per_t / 1000) over listed UNSD source rows,SRC_UNSD_ENERGY SRC_UNSD_DSD SRC_FIJI_GHG_NIR,ASM_FUTURE_FINAL_ENERGY ASM_EQUAL_TIMESLICES,,"[[""4669"",""1231""]]","UNSD product,transaction codes","{""2020"":0.030659999999999996,""2021"":0.030659999999999996,""2022"":0.0438,""2023"":0.0438}",PJ,scripts/migrate_fiji_v26_provenance.py,working-tree-2026-07-31,
CALC_PETROLEUM_DEMTRAKER,sum(OBS_VALUE_1000t * CONVERSION_FACTOR_GJ_per_t / 1000) over listed UNSD source rows,SRC_UNSD_ENERGY SRC_UNSD_DSD SRC_FIJI_GHG_NIR,ASM_FUTURE_FINAL_ENERGY ASM_EQUAL_TIMESLICES,,"[[""4651"",""1223""],[""4661"",""1223""]]","UNSD product,transaction codes","{""2020"":0.350214,""2021"":0.576447,""2022"":0.250568,""2023"":1.379989}",PJ,scripts/migrate_fiji_v26_provenance.py,working-tree-2026-07-31,
CALC_SERVICE_RESIDENTIAL_COOKING,service_base = sum(observed carrier activity * engineering efficiency); future = base * (1 + growth)^(year-2023),SRC_UNSD_ENERGY SRC_FIJI_PHASE1J,ASM_SERVICE_GROWTH_RESIDENTIAL_COOKING,,"{""commodity"":""SRVRESCOOK"",""technology_count"":4}",model activity and service efficiency,RYC service demand for SRVRESCOOK,service unit,scripts/migrate_fiji_v26_provenance.py,working-tree-2026-07-31,
CALC_SERVICE_ROAD_MOBILITY,service_base = sum(observed carrier activity * engineering efficiency); future = base * (1 + growth)^(year-2023),SRC_UNSD_ENERGY SRC_FIJI_PHASE1J,ASM_SERVICE_GROWTH_ROAD_MOBILITY,,"{""commodity"":""SRVROAD"",""technology_count"":3}",model activity and service efficiency,RYC service demand for SRVROAD,service unit,scripts/migrate_fiji_v26_provenance.py,working-tree-2026-07-31,
CALC_SERVICE_DOMESTIC_AVIATION,service_base = sum(observed carrier activity * engineering efficiency); future = base * (1 + growth)^(year-2023),SRC_UNSD_ENERGY SRC_FIJI_PHASE1J,ASM_SERVICE_GROWTH_DOMESTIC_AVIATION,,"{""commodity"":""SRVAVIATION"",""technology_count"":1}",model activity and service efficiency,RYC service demand for SRVAVIATION,service unit,scripts/migrate_fiji_v26_provenance.py,working-tree-2026-07-31,
CALC_SERVICE_DOMESTIC_NAVIGATION,service_base = sum(observed carrier activity * engineering efficiency); future = base * (1 + growth)^(year-2023),SRC_UNSD_ENERGY SRC_FIJI_PHASE1J,ASM_SERVICE_GROWTH_DOMESTIC_NAVIGATION,,"{""commodity"":""SRVNAV"",""technology_count"":3}",model activity and service efficiency,RYC service demand for SRVNAV,service unit,scripts/migrate_fiji_v26_provenance.py,working-tree-2026-07-31,
CALC_SERVICE_RAIL_MOBILITY,service_base = sum(observed carrier activity * engineering efficiency); future = base * (1 + growth)^(year-2023),SRC_UNSD_ENERGY SRC_FIJI_PHASE1J,ASM_SERVICE_GROWTH_RAIL_MOBILITY,,"{""commodity"":""SRVRAIL"",""technology_count"":2}",model activity and service efficiency,RYC service demand for SRVRAIL,service unit,scripts/migrate_fiji_v26_provenance.py,working-tree-2026-07-31,
CALC_SERVICE_INDUSTRIAL_PROCESS_HEAT,service_base = sum(observed carrier activity * engineering efficiency); future = base * (1 + growth)^(year-2023),SRC_UNSD_ENERGY SRC_FIJI_PHASE1J,ASM_SERVICE_GROWTH_INDUSTRIAL_PROCESS_HEAT,,"{""commodity"":""SRVINDHEAT"",""technology_count"":6}",model activity and service efficiency,RYC service demand for SRVINDHEAT,service unit,scripts/migrate_fiji_v26_provenance.py,working-tree-2026-07-31,
CALC_SERVICE_COMMERCIAL_PUBLIC_HEAT,service_base = sum(observed carrier activity * engineering efficiency); future = base * (1 + growth)^(year-2023),SRC_UNSD_ENERGY SRC_FIJI_PHASE1J,ASM_SERVICE_GROWTH_COMMERCIAL_PUBLIC_HEAT,,"{""commodity"":""SRVCOMHEAT"",""technology_count"":5}",model activity and service efficiency,RYC service demand for SRVCOMHEAT,service unit,scripts/migrate_fiji_v26_provenance.py,working-tree-2026-07-31,
CALC_SERVICE_AGRICULTURE_MOTIVE_HEAT,service_base = sum(observed carrier activity * engineering efficiency); future = base * (1 + growth)^(year-2023),SRC_UNSD_ENERGY SRC_FIJI_PHASE1J,ASM_SERVICE_GROWTH_AGRICULTURE_MOTIVE_HEAT,,"{""commodity"":""SRVAGR"",""technology_count"":2}",model activity and service efficiency,RYC service demand for SRVAGR,service unit,scripts/migrate_fiji_v26_provenance.py,working-tree-2026-07-31,
CALC_PRECIP_SSP245_2030_ANCHOR,1 + median_anomaly_2020_2039 / historical_climatology_1995_2014,SRC_WB_CCKP_CMIP6_FJI_PR,ASM_PRECIP_SSP245_MEDIAN ASM_PRECIP_PERIOD_MIDPOINTS,,"{""historical_mm_per_year"":2274.78,""median_anomaly_mm_per_year"":-39.88}",mm/year,0.9824686343294736,dimensionless multiplier,scripts/apply_fiji_v26_ssp245_precipitation.py,working-tree-2026-07-31,Equivalent to -1.75313656705264 percent at the 2030 anchor.
CALC_PRECIP_SSP245_2050_ANCHOR,1 + median_anomaly_2040_2059 / historical_climatology_1995_2014,SRC_WB_CCKP_CMIP6_FJI_PR,ASM_PRECIP_SSP245_MEDIAN ASM_PRECIP_PERIOD_MIDPOINTS,,"{""historical_mm_per_year"":2274.78,""median_anomaly_mm_per_year"":-37.53}",mm/year,0.9835017012634188,dimensionless multiplier,scripts/apply_fiji_v26_ssp245_precipitation.py,working-tree-2026-07-31,Equivalent to -1.64982987365812 percent at the 2050 anchor.
CALC_PRECIP_SSP245_ANNUAL,linear interpolation: 2020=1; 2030=CALC_PRECIP_SSP245_2030_ANCHOR; 2050=CALC_PRECIP_SSP245_2050_ANCHOR,SRC_WB_CCKP_CMIP6_FJI_PR,ASM_PRECIP_2020_MODEL_BASE ASM_PRECIP_PERIOD_MIDPOINTS,CALC_PRECIP_SSP245_2030_ANCHOR CALC_PRECIP_SSP245_2050_ANCHOR,"{""years"":""2020-2050""}",model year,annual multiplier table,dimensionless,scripts/apply_fiji_v26_ssp245_precipitation.py,working-tree-2026-07-31,Full precision table is in precipitation_ssp245_manifest.json.
CALC_PRECIP_SSP245_IAR,base 2020 WTRPRCFJI IAR * annual SSP2-4.5 multiplier,SRC_WB_CCKP_CMIP6_FJI_PR SRC_FIJI_V25_CASE,ASM_PRECIP_2020_MODEL_BASE ASM_PRECIP_SSP245_MEDIAN,CALC_PRECIP_SSP245_ANNUAL,"{""base_IAR"":2.5499318663156916,""land_technologies"":26}",km3 per 1000 km2,2020=2.5499318663156916; 2030=2.5052280783323835; 2050=2.5078623286272874,km3 per 1000 km2,scripts/apply_fiji_v26_ssp245_precipitation.py,working-tree-2026-07-31,
CALC_PRECIP_SSP245_NATIONAL,18.2729 * precipitation IAR,SRC_WB_CCKP_CMIP6_FJI_PR SRC_FAOSTAT_LAND,ASM_PRECIP_2020_MODEL_BASE ASM_PRECIP_SSP245_MEDIAN,CALC_PRECIP_SSP245_IAR CALC_LAND_COUNTRY_MODEL_UNITS,"{""national_land"":18.2729}",1000 km2,2020=46.59465; 2030=45.77778215255981; 2050=45.82591754477356,km3/year,scripts/apply_fiji_v26_ssp245_precipitation.py,working-tree-2026-07-31,
CALC_HYDROLOGY_SSP245_OAR,base 2020 water OAR * annual SSP2-4.5 multiplier,SRC_WB_CCKP_CMIP6_FJI_PR SRC_FIJI_V25_CASE,ASM_HYDROLOGY_PROPORTIONAL_SSP245,CALC_PRECIP_SSP245_ANNUAL,"{""commodities"":""WTREVTFJI WTRGRCFJI WTRSURFJI"",""land_technologies"":26}",km3 per 1000 km2,104 source rows updated,km3 per 1000 km2,scripts/apply_fiji_v26_ssp245_precipitation.py,working-tree-2026-07-31,Includes the 26 precipitation IAR rows and 78 hydrology OAR rows.
CALC_ENV_WATER_SSP245_CLOSURE,recompute each technology's annual net OAR-IAR across WTREVTFJI WTRGRCFJI WTRSURFJI and write the CAM equality coefficients,SRC_FIJI_V25_CASE SRC_WB_CCKP_CMIP6_FJI_PR,ASM_HYDROLOGY_PROPORTIONAL_SSP245,CALC_HYDROLOGY_SSP245_OAR CALC_ENV_WATER,"{""constraint"":""ENV_WATER_CLOSURE"",""years"":31}",model ratios,930 CAM values checked,dimensionless,scripts/apply_fiji_v26_ssp245_precipitation.py,working-tree-2026-07-31,Raw solver equality residual is validated separately.
CALC_FSH_CAPTURE_ENERGY,(12661*0.140 + 11000*0.075)*43/1000000,SRC_FSH_FIJI_MOF_AR2020_21 SRC_FSH_FAO_FUEL SRC_FSH_UNSD_DSD,,,"{""offshore_catch_t"":12661,""offshore_fuel_t_per_t"":0.14,""coastal_catch_t"":11000,""coastal_fuel_t_per_t"":0.075,""diesel_ncv_GJ_per_t"":43}",tonne and GJ/tonne,0.11169422,PJ diesel,scripts/create_fiji_v27_fisheries.py,v2.7,Full-precision input to capture-service and boundary calculations.
CALC_FSH_CAPTURE_SERVICE,CALC_FSH_CAPTURE_ENERGY*0.30,,ASM_FSH_CAPTURE_EFF,CALC_FSH_CAPTURE_ENERGY,"{""diesel_efficiency"":0.3}",fraction,0.033508266,PJ useful capture service,scripts/create_fiji_v27_fisheries.py,v2.7,Flat final demand; observed catch is not used as an activity constraint.
CALC_FSH_CAPTURE_RC,CALC_FSH_CAPTURE_SERVICE/0.70 with uniform-age retirement,,ASM_FSH_CAPTURE_UTIL ASM_FSH_LIVES,CALC_FSH_CAPTURE_SERVICE,"{""utilization"":0.7,""life_years"":15}",fraction and years,0.04786895142857143,PJ service/year initial stock,/Users/sato/.codex/skills/add-fisheries-sector/scripts/estimate_residual_capacity.py,skill-2026-08-03,Last nonzero stock year is 2034.
CALC_FSH_AQ_SERVICE,4327.38*0.5*3.6e-9*0.75,SRC_FSH_FIJI_MOF_AR2020_21,ASM_FSH_AQ_ENERGY ASM_FSH_AQ_EFF,,"{""harvest_kg"":4327.38,""kWh_per_kg"":0.5,""electric_efficiency"":0.75}",kg kWh/kg and fraction,0.000005841963,PJ useful aquaculture service,scripts/create_fiji_v27_fisheries.py,v2.7,Final demand grows 5 percent per year under the declared analytical assumption.
CALC_FSH_AQ_RC,CALC_FSH_AQ_SERVICE/0.60 with uniform-age retirement,,ASM_FSH_AQ_UTIL ASM_FSH_LIVES,CALC_FSH_AQ_SERVICE,"{""utilization"":0.6,""life_years"":12}",fraction and years,0.000009736605,PJ service/year initial stock,/Users/sato/.codex/skills/add-fisheries-sector/scripts/estimate_residual_capacity.py,skill-2026-08-03,Last nonzero stock year is 2031.
CALC_FSH_POST_SERVICE,12661*0.50*1000*1.111*3.6e-9*(0.80*0.75+0.20*0.80),SRC_FSH_FIJI_MOF_AR2020_21 SRC_FSH_FAO_PROCESS,ASM_FSH_POST_SHARE ASM_FSH_POST_MIX_EFF,,"{""longline_catch_t"":12661,""modeled_share"":0.5,""kWh_per_kg"":1.111,""electric_share"":0.8,""electric_efficiency"":0.75,""diesel_share"":0.2,""diesel_efficiency"":0.8}",tonne kWh/kg and fractions,0.019242795528,PJ useful post-harvest service,scripts/create_fiji_v27_fisheries.py,v2.7,Flat combined cold-chain and processing final demand.
CALC_FSH_POST_WATER,6330.5*9.52/1000000000,SRC_FSH_FAO_PROCESS,ASM_FSH_POST_SHARE,CALC_FSH_POST_SERVICE,"{""throughput_t"":6330.5,""water_m3_per_t"":9.52}",tonne and m3/tonne,0.00006026636,km3 process water,scripts/create_fiji_v27_fisheries.py,v2.7,Input ratio is 0.0031318921365820793 km3 per PJ service.
CALC_FSH_RESIDUAL_STOCKS,"base_capacity*max(life-age,0)/life for five documented pre-2020 assets",SRC_FSH_FIJI_MOF_AR2020_21,ASM_FSH_CAPTURE_UTIL ASM_FSH_AQ_UTIL ASM_FSH_POST_UTIL ASM_FSH_SOLAR_FREEZER ASM_FSH_LIVES,CALC_FSH_CAPTURE_RC CALC_FSH_AQ_RC CALC_FSH_POST_SERVICE,"{""rows"":155,""technologies"":5}",PJ service/year and years,155 rows checked,PJ service/year,/Users/sato/.codex/skills/add-fisheries-sector/scripts/estimate_residual_capacity.py,skill-2026-08-03,Full-precision series retained in calculations/residual-capacity-series.csv.
CALC_FSH_BOUNDARY,subtract the disaggregated Fisheries energy and service from inherited aggregate demands and existing 2020-2023 pins,SRC_FSH_FIJI_V26,ASM_FSH_CAPTURE_EFF ASM_FSH_POST_MIX_EFF ASM_FSH_AQ_GROWTH,CALC_FSH_CAPTURE_ENERGY CALC_FSH_CAPTURE_SERVICE CALC_FSH_AQ_SERVICE CALC_FSH_POST_SERVICE CALC_FSH_POST_WATER,"{""reconciliations"":171}",model units,171 reconciliations passed,model units,scripts/validate_fiji_v27_fisheries_design.py,v2.7,Prevents double counting while leaving every Fisheries technology unpinned.
CALC_FSH_SOLVER_VALIDATION,UI generation + preprocessing + glpsol --check + bounded CBC + normal CBC + unchanged-control comparison,SRC_FSH_FIJI_V26,ASM_FSH_AVAILABILITY ASM_FSH_CAPEX,CALC_FSH_BOUNDARY,"{""control_objective"":4147.08805706,""candidate_objective"":4130.8237152,""rows"":169810,""columns"":130447,""matrix_nonzeros"":719047}",model units and seconds,optimal; objective change=-0.392187 percent,status,scripts/compare_fiji_v27_fisheries.py,v2.7,Normal-chain live objective matches the disposable candidate exactly.
CALC_FOOD_POPULATION_FJI_2020_2050,TPopulation1July * 1000,SRC_FOOD_UN_WPP2024_FJI,ASM_FOOD_WPP_MEDIUM,,"{""2020"":914963,""2021"":916711,""2022"":919422,""2023"":924146,""2024"":928784,""2025"":933154,""2026"":937282,""2027"":941326,""2028"":945368,""2029"":949282,""2030"":953106,""2031"":956699,""2032"":960074,""2033"":963356,""2034"":966531,""2035"":969628,""2036"":972654,""2037"":975656,""2038"":978558,""2039"":981282,""2040"":983858,""2041"":986424,""2042"":988826,""2043"":990872,""2044"":992749,""2045"":994457,""2046"":995974,""2047"":997337,""2048"":998560,""2049"":999546,""2050"":1000261}",people after source-unit conversion,"{""2020"":914963.0,""2021"":916711.0,""2022"":919422.0,""2023"":924146.0,""2024"":928784.0,""2025"":933154.0,""2026"":937282.0,""2027"":941326.0,""2028"":945368.0,""2029"":949282.0,""2030"":953106.0,""2031"":956699.0,""2032"":960074.0,""2033"":963356.0,""2034"":966531.0,""2035"":969628.0,""2036"":972654.0,""2037"":975656.0,""2038"":978558.0,""2039"":981282.0,""2040"":983858.0,""2041"":986424.0,""2042"":988826.0,""2043"":990872.0,""2044"":992749.0,""2045"":994457.0,""2046"":995974.0,""2047"":997337.0,""2048"":998560.0,""2049"":999546.0,""2050"":1000261.0}",people/year,scripts/create_fiji_v28_population_crop_trade.py,working-tree-2026-08-04,
CALC_CROP_V28_RESIDENT_CAS,mean(2021:2023 cassava food supply kg/person/year),SRC_FOOD_FAOSTAT_FBS_FIJI_2021_23,ASM_FOOD_PER_CAPITA_CONSTANT,,"{""2021"":56.62,""2022"":62.76,""2023"":66.62,""source"":""FBS Food supply quantity (kg/capita/yr)"",""source_item"":""Cassava and products""}",kg/person/year,62.0,kg CRPCAS/person/year,scripts/create_fiji_v28_population_crop_trade.py,working-tree-2026-08-04,
CALC_CROP_V28_RESIDENT_YAM,mean(SUA Taro food tonnes * 1000 / matching FAOSTAT population),SRC_FOOD_FAOSTAT_SUA_FIJI_2021_23,ASM_FOOD_PER_CAPITA_CONSTANT ASM_CROP_TARO_YAM_PROXY,,"{""food"":{""2021"":52014.32,""2022"":62295.19,""2023"":63704.55,""source"":""SUA Food supply quantity (tonnes)"",""source_item"":""Taro""},""population"":{""2021"":916710,""2022"":919420,""2023"":924150}}",tonne/year; people,64.47607269839524,kg CRPYAM/person/year,scripts/create_fiji_v28_population_crop_trade.py,working-tree-2026-08-04,
CALC_CROP_V28_RESIDENT_CON,mean(2021:2023 coconut food supply kg/person/year),SRC_FOOD_FAOSTAT_FBS_FIJI_2021_23,ASM_FOOD_PER_CAPITA_CONSTANT,,"{""2021"":23.56,""2022"":24.24,""2023"":29.23,""source"":""FBS Food supply quantity (kg/capita/yr)"",""source_item"":""Coconuts - Incl Copra""}",kg/person/year,25.676666666666666,kg CRPCON/person/year,scripts/create_fiji_v28_population_crop_trade.py,working-tree-2026-08-04,
CALC_CROP_V28_RESIDENT_OTH,sum of six item means after converting tonne rows to kg/person and rice products to paddy equivalent,SRC_FOOD_FAOSTAT_FBS_FIJI_2021_23 SRC_FOOD_FAOSTAT_SUA_FIJI_2021_23 SRC_FAOSTAT_CROPS,ASM_FOOD_PER_CAPITA_CONSTANT ASM_CROP_OTHER_GROUP_FIXED ASM_CROP_RICE_PADDY_EQUIV,,"{""conversion"":{""coconut_products"":""HS080111, HS080112 and HS080119 net weights are added one-for-one because v2.8 adds no processed-coconut commodity. This is a disclosed no-new-commodity approximation."",""husked_rice_basis"":""Transparent screening conversion for the negligible HS100620 flow; upgrade with a Fiji milling coefficient if this flow becomes material."",""husked_rice_per_paddy"":0.8,""milled_rice_basis"":""Fiji SUA Rice, 2021-2023: Rice, milled production divided by primary Rice processed is 0.68 in each year."",""milled_rice_per_paddy"":0.68,""raw_sugar_basis"":""Fiji SUA 2021-2023: raw centrifugal sugar production divided by sugar-cane processing is 0.14 in each year."",""raw_sugar_per_cane"":0.14},""observations"":{""Edible roots and tubers n.e.c._tonnes"":{""2021"":3003.33,""2022"":2862.83,""2023"":2874.14},""Other fruits, n.e.c._tonnes"":{""2021"":215.35,""2022"":158.73,""2023"":157.57},""Other vegetables, fresh n.e.c._tonnes"":{""2021"":30900.0,""2022"":35380.89,""2023"":46259.23},""Pepper_kg_per_person"":{""2021"":0.16,""2022"":0.18,""2023"":0.21},""Rice and products_kg_per_person"":{""2021"":60.89,""2022"":56.65,""2023"":58.84},""Sweet potatoes_kg_per_person"":{""2021"":9.85,""2022"":10.54,""2023"":13.17}},""population"":{""2021"":916710,""2022"":919420,""2023"":924150}}",kg/person/year; tonne/year; fractions,141.93853729662246,kg CRPOTH/person/year,scripts/create_fiji_v28_population_crop_trade.py,working-tree-2026-08-04,
CALC_CROP_V28_RESIDENT_SGC,mean(raw sugar food kg/person/year) / 0.14,SRC_FOOD_FAOSTAT_FBS_FIJI_2021_23 SRC_FOOD_FAOSTAT_SUA_FIJI_2021_23,ASM_FOOD_PER_CAPITA_CONSTANT ASM_CROP_SUGAR_CANE_EQUIV,,"{""2021"":29.83,""2022"":30.9,""2023"":23.75,""source"":""FBS Food supply quantity (kg/capita/yr)"",""source_item"":""Sugar (Raw Equivalent)""}",kg raw sugar/person/year,201.1428571428571,kg cane-throughput equivalent/person/year,scripts/create_fiji_v28_population_crop_trade.py,working-tree-2026-08-04,
CALC_CROP_V28_IMPORTS_2025,selected HS net weights grouped to model crops with rice/sugar conversions and coconut one-to-one mapping; kg / 1e9,SRC_FOOD_COMTRADE_CROPS_FJI_2025 SRC_FOOD_FIJI_IMTS_2025,ASM_CROP_RICE_PADDY_EQUIV ASM_CROP_SUGAR_CANE_EQUIV ASM_CROP_COCONUT_ONE_TO_ONE ASM_CROP_OTHER_GROUP_FIXED,,"{""070999"":58967.98,""071410"":0.0,""071420"":623.5,""071440"":0.0,""071490"":28532.71,""080111"":156770.074,""080112"":0.0,""080119"":815.52,""081090"":36401.429,""0904"":153435.051,""100610"":77.6,""100620"":11.53,""100630"":47419305.71,""100640"":121995.7,""1701"":15669247.589}",kg net weight,"{""CAS"":0.0,""CON"":0.00015758559399999997,""OTH"":0.07019173122661765,""SGC"":0.11192319706428569,""YAM"":0.0}",Mt crop equivalent,scripts/create_fiji_v28_population_crop_trade.py,working-tree-2026-08-04,
CALC_CROP_V28_EXPORTS_2025,selected HS net weights grouped to model crops with rice/sugar conversions and coconut one-to-one mapping; kg / 1e9,SRC_FOOD_COMTRADE_CROPS_FJI_2025 SRC_FOOD_FIJI_IMTS_2025,ASM_CROP_RICE_PADDY_EQUIV ASM_CROP_SUGAR_CANE_EQUIV ASM_CROP_COCONUT_ONE_TO_ONE ASM_CROP_OTHER_GROUP_FIXED,,"{""070999"":745572.29,""071410"":1052346.66,""071420"":20.0,""071440"":5405195.08,""071490"":40837.24,""080111"":170.0,""080112"":42100.03,""080119"":28679.18,""081090"":60820.52,""0904"":23651.492,""100610"":0.0,""100620"":672.5,""100630"":2457819.641,""100640"":75176.88,""1701"":52833641.73}",kg net weight,"{""CAS"":0.00105234666,""CON"":7.094920999999999e-05,""OTH"":0.0045967370508235295,""SGC"":0.37738315521428567,""YAM"":0.00540519508}",Mt crop equivalent,scripts/create_fiji_v28_population_crop_trade.py,working-tree-2026-08-04,
CALC_CROP_V28_FINAL_DEMAND,resident_kg_per_person * population / 1e9 + exports_2025_Mt * population/population_2025,,ASM_FOOD_PER_CAPITA_CONSTANT ASM_FOOD_TOURISM_EXCLUDED ASM_CROP_TRADE_POPULATION_SCALE,CALC_FOOD_POPULATION_FJI_2020_2050 CALC_CROP_V28_RESIDENT_CAS CALC_CROP_V28_RESIDENT_YAM CALC_CROP_V28_RESIDENT_CON CALC_CROP_V28_RESIDENT_OTH CALC_CROP_V28_RESIDENT_SGC CALC_CROP_V28_EXPORTS_2025,"{""exports_2025_mt"":{""CAS"":0.00105234666,""CON"":7.094920999999999e-05,""OTH"":0.0045967370508235295,""SGC"":0.37738315521428567,""YAM"":0.00540519508},""reference_population"":933154.0,""resident_kg_per_person"":{""CAS"":62.0,""CON"":25.676666666666666,""OTH"":141.93853729662246,""SGC"":201.1428571428571,""YAM"":64.47607269839524}}",kg/person/year; Mt; people,"{""CAS"":{""2020"":0.0577595381060335,""2021"":0.05786988537975861,""2022"":0.058041024658402066,""2023"":0.0583392400594761,""2024"":0.05863202647568723,""2025"":0.05890789466,""2026"":0.059168485933419473,""2027"":0.05942377447743798,""2028"":0.05967893676599455,""2029"":0.05992601870498773,""2030"":0.06016741914819415,""2031"":0.06039423708554788,""2032"":0.060607293177551445,""2033"":0.06081447839057536,""2034"":0.06101490893638613,""2035"":0.0612104155191817,""2036"":0.061401440033078826,""2037"":0.06159094948143282,""2038"":0.061774146156690406,""2039"":0.0619461060958364,""2040"":0.062108723130799716,""2041"":0.062270708888453395,""2042"":0.062422341698228974,""2043"":0.06255150103578136,""2044"":0.06266999178680083,""2045"":0.06277781395128737,""2046"":0.0628735787191598,""2047"":0.06295962181646375,""2048"":0.06303682703143276,""2049"":0.06309907097416328,""2050"":0.06314420730180256},""CON"":{""2020"":0.023562766082140335,""2021"":0.02360778179874481,""2022"":0.02367759736379901,""2023"":0.023799253110503554,""2024"":0.023918694125155477,""2025"":0.02403123341666667,""2026"":0.024137540555192568,""2027"":0.024241684467062423,""2028"":0.0243457768735357,""2029"":0.02444657293462833,""2030"":0.024545051252875195,""2031"":0.02463758069781792,""2032"":0.02472449605453423,""2033"":0.024809016410309907,""2034"":0.024890781227368954,""2035"":0.02497053733396167,""2036"":0.025048464998976054,""2037"":0.025125774599231564,""2038"":0.025200508929658447,""2039"":0.025270659279790365,""2040"":0.025336998230575912,""2041"":0.025403079654378588,""2042"":0.025464937635662318,""2043"":0.02551762765635611,""2044"":0.025565965471039523,""2045"":0.025609951079712544,""2046"":0.025649017923012885,""2047"":0.02568411885077713,""2048"":0.02571561440078129,""2049"":0.0257410065612916,""2050"":0.025759419740566312},""OTH"":{""2020"":0.13437563768676064,""2021"":0.13463235693625644,""2022"":0.13503050675626974,""2023"":0.135724294933969,""2024"":0.13640545275957638,""2025"":0.13704725088331596,""2026"":0.13765350778372715,""2027"":0.1382474280611649,""2028"":0.13884105460948423,""2029"":0.13941588249422487,""2030"":0.13997749256863684,""2031"":0.14050517692987172,""2032"":0.14100084481719916,""2033"":0.14148285430052032,""2034"":0.14194914927600616,""2035"":0.1424039888158738,""2036"":0.14284840097203763,""2037"":0.14328928837878047,""2038"":0.1437154893296025,""2039"":0.14411554838888552,""2040"":0.14449387149340567,""2041"":0.14487072595233375,""2042"":0.14522349462355175,""2043"":0.14552397951169158,""2044"":0.14579964428932526,""2045"":0.14605048895645278,""2046"":0.14627328249277155,""2047"":0.14647345888697225,""2048"":0.1466530742428838,""2049"":0.14679788269826305,""2050"":0.14690289085809685},""SGC"":{""2020"":0.5540646811932611,""2021"":0.5551231994751216,""2022"":0.5567648717074577,""2023"":0.559625535530975,""2024"":0.5624341212239204,""2025"":0.5650804169285714,""2026"":0.5675801671960311,""2027"":0.5700290504522344,""2028"":0.5724767225891221,""2029"":0.5748468830898095,""2030"":0.5771625432212935,""2031"":0.5793383190718223,""2032"":0.5813820829169475,""2033"":0.5833695297138959,""2034"":0.5852921816274581,""2035"":0.5871675998877107,""2036"":0.5890000234122585,""2037"":0.5908179135050187,""2038"":0.5925752476319974,""2039"":0.5942247921398851,""2040"":0.5957847138184161,""2041"":0.5973385799003692,""2042"":0.5987931341984405,""2043"":0.6000321092583296,""2044"":0.6011687447360481,""2045"":0.6022030406315959,""2046"":0.6031216746325011,""2047"":0.6039470524461027,""2048"":0.6046876519076104,""2049"":0.6052847337302157,""2050"":0.6057177088855534},""YAM"":{""2020"":0.06429304655582274,""2021"":0.06441587583458,""2022"":0.06460637364619952,""2023"":0.064938321880095,""2024"":0.06526422702590516,""2025"":0.0655713002227983,""2026"":0.06586136845089327,""2027"":0.06614553412783511,""2028"":0.06642955926784475,""2029"":0.06670459004419252,""2030"":0.06697329665859056,""2031"":0.06722577125731757,""2032"":0.06746292733043299,""2033"":0.06769354843620035,""2034"":0.0679166508160941,""2035"":0.06813427225563141,""2036"":0.06834690463407504,""2037"":0.06855785056933208,""2038"":0.06876176965797828,""2039"":0.06895318095965723,""2040"":0.06913419252835212,""2041"":0.06931450141238596,""2042"":0.06948328626797802,""2043"":0.06962705554963554,""2044"":0.06975894946052077,""2045"":0.0698789680006337,""2046"":0.06998556526371995,""2047"":0.07008134118302553,""2048"":0.07016727951707594,""2049"":0.0702365642246587,""2050"":0.0702868061779261}}",Mt/year by commodity and year,scripts/create_fiji_v28_population_crop_trade.py,working-tree-2026-08-04,
CALC_CROP_V28_IMPORT_FLOOR,imports_2025_Mt * population/population_2025,,ASM_CROP_TRADE_POPULATION_SCALE ASM_CROP_IMPORT_BACKSTOP,CALC_FOOD_POPULATION_FJI_2020_2050 CALC_CROP_V28_IMPORTS_2025,"{""imports_2025_mt"":{""CAS"":0.0,""CON"":0.00015758559399999997,""OTH"":0.07019173122661765,""SGC"":0.11192319706428569,""YAM"":0.0},""reference_population"":933154.0}",Mt; people,"{""CAS"":{""2020"":0.0,""2021"":0.0,""2022"":0.0,""2023"":0.0,""2024"":0.0,""2025"":0.0,""2026"":0.0,""2027"":0.0,""2028"":0.0,""2029"":0.0,""2030"":0.0,""2031"":0.0,""2032"":0.0,""2033"":0.0,""2034"":0.0,""2035"":0.0,""2036"":0.0,""2037"":0.0,""2038"":0.0,""2039"":0.0,""2040"":0.0,""2041"":0.0,""2042"":0.0,""2043"":0.0,""2044"":0.0,""2045"":0.0,""2046"":0.0,""2047"":0.0,""2048"":0.0,""2049"":0.0,""2050"":0.0},""CON"":{""2020"":0.00015451360423147944,""2021"":0.00015480879625585272,""2022"":0.00015526661409228057,""2023"":0.00015606437560437394,""2024"":0.00015684761393906682,""2025"":0.00015758559399999997,""2026"":0.00015828270651522467,""2027"":0.0001589656336013605,""2028"":0.00015964822293918472,""2029"":0.00016030919638506397,""2030"":0.0001609549711569194,""2031"":0.00016156173599878046,""2032"":0.00016213168627467276,""2033"":0.0001626859312540738,""2034"":0.00016322210669880211,""2035"":0.00016374510995937646,""2036"":0.0001642561231548876,""2037"":0.00016476308337065907,""2038"":0.0001652531561708485,""2039"":0.00016571316937130204,""2040"":0.00016614818919669417,""2041"":0.00016658152028052817,""2042"":0.00016698715600280766,""2043"":0.00016733267252561527,""2044"":0.00016764964931608928,""2045"":0.00016793808637422975,""2046"":0.0001681942684686086,""2047"":0.00016842444394299117,""2048"":0.00016863097703555897,""2049"":0.0001687974869531974,""2050"":0.00016891823197460868},""OTH"":{""2020"":0.06882340640269427,""2021"":0.06895489075167002,""2022"":0.0691588118443893,""2023"":0.06951415055409267,""2024"":0.06986302035417824,""2025"":0.07019173122661765,""2026"":0.07050223888827208,""2027"":0.07080642808006726,""2028"":0.07111046683210388,""2029"":0.0714048774395931,""2030"":0.0716925182579474,""2031"":0.07196278328418876,""2032"":0.0722166503767478,""2033"":0.0724635220205341,""2034"":0.07270234513723778,""2035"":0.07293530110335789,""2036"":0.07316291645804933,""2037"":0.07338872653563813,""2038"":0.07360701462529927,""2039"":0.07381191357644915,""2040"":0.07400567998546605,""2041"":0.0741986941956902,""2042"":0.07437937234571296,""2043"":0.07453327221871318,""2044"":0.07467445993211565,""2045"":0.07480293548592035,""2046"":0.07491704404278317,""2047"":0.07501956873823738,""2048"":0.07511156265059285,""2049"":0.07518572945155973,""2050"":0.0752395116652426},""SGC"":{""2020"":0.10974135475551734,""2021"":0.10995101119857859,""2022"":0.11027617059053456,""2023"":0.11084277072613026,""2024"":0.11139905595663258,""2025"":0.11192319706428569,""2026"":0.11241831250876899,""2027"":0.1129033529296727,""2028"":0.11338815346906259,""2029"":0.1138576015915693,""2030"":0.11431625504595498,""2031"":0.11474720218549676,""2032"":0.11515200224003437,""2033"":0.11554564780418025,""2034"":0.11592645970733782,""2035"":0.1162979162314572,""2036"":0.11666085696183667,""2037"":0.11702091911405055,""2038"":0.11736898719057441,""2039"":0.11769570581237009,""2040"":0.11800467320214453,""2041"":0.11831244118435001,""2042"":0.11860053888242388,""2043"":0.11884593767104132,""2044"":0.11907106647174266,""2045"":0.11927592528452792,""2046"":0.11945787541274525,""2047"":0.11962135466439998,""2048"":0.11976804221008872,""2049"":0.11988630379639213,""2050"":0.11997206143757566},""YAM"":{""2020"":0.0,""2021"":0.0,""2022"":0.0,""2023"":0.0,""2024"":0.0,""2025"":0.0,""2026"":0.0,""2027"":0.0,""2028"":0.0,""2029"":0.0,""2030"":0.0,""2031"":0.0,""2032"":0.0,""2033"":0.0,""2034"":0.0,""2035"":0.0,""2036"":0.0,""2037"":0.0,""2038"":0.0,""2039"":0.0,""2040"":0.0,""2041"":0.0,""2042"":0.0,""2043"":0.0,""2044"":0.0,""2045"":0.0,""2046"":0.0,""2047"":0.0,""2048"":0.0,""2049"":0.0,""2050"":0.0}}",Mt/year by import technology and year,scripts/create_fiji_v28_population_crop_trade.py,working-tree-2026-08-04,
CALC_CROP_V28_IMPORT_VC,select screening VC above maximum undiscounted crop-balance marginal value in unchanged v2.7,SRC_FIJI_V27_SOLVED,ASM_CROP_IMPORT_SCREENING_COST,,"{""approximate_undiscounted_dual"":3.64,""maximum_discounted_dual"":2.8529169}",million USD/Mt,10.0,million USD/Mt,scripts/create_fiji_v28_population_crop_trade.py,working-tree-2026-08-04,
CALC_CROP_V28_SOLVER_VALIDATION,deterministic source/generated checks + MUIO generation/preprocessing + GLPK check + bounded/full CBC + unchanged v2.7 comparison,SRC_FIJI_V28_VALIDATION,,CALC_CROP_V28_FINAL_DEMAND CALC_CROP_V28_IMPORT_FLOOR,"{""candidate_objective"":4158.92072593,""checks"":{""cbc_candidate"":""optimal"",""cbc_drought"":""optimal"",""cbc_live"":""optimal"",""glpsol_check"":""pass"",""source"":25930,""source_and_generated"":25935},""control_objective"":4130.8237152,""matrix"":{""columns"":133862,""nonzeros"":732134,""rows"":174098}}",status; objective; matrix dimensions; seconds,"{""objective_change"":{""absolute"":28.097010729999965,""percent"":0.6801793701971093},""status"":""pass"",""timestamp_order"":true}",validation status,scripts/finalize_fiji_v28_population_crop_trade.py,working-tree-2026-08-04,
CALC_CROP_V28_DROUGHT_VALIDATION,cap domestic crop production at 5 percent and compare import activity with the normal solution,SRC_FIJI_V28_VALIDATION,ASM_FOOD_SHOCK_95PCT_DIAGNOSTIC,CALC_CROP_V28_FINAL_DEMAND CALC_CROP_V28_IMPORT_FLOOR,"{""IMPCRPCAS"":{""2020"":0.0578,""2025"":0.0589,""2050"":0.0631},""IMPCRPCON"":{""2020"":0.016,""2025"":0.0238,""2050"":0.0256},""IMPCRPOTH"":{""2020"":0.06559999999999999,""2025"":0.06680000000000001,""2050"":0.0717},""IMPCRPYAM"":{""2020"":0.0643,""2025"":0.0656,""2050"":0.0703},""IMPSUGFJI"":{""2020"":0.1296,""2025"":0.16910000000000003,""2050"":0.2016}}",Mt by technology and sampled year,"{""2025_import_increase_mt"":{""IMPCRPCAS"":0.0589,""IMPCRPCON"":0.0238,""IMPCRPOTH"":0.06680000000000001,""IMPCRPYAM"":0.0656,""IMPSUGFJI"":0.16910000000000003},""objective"":4276.25190973,""status"":""optimal""}",validation status and Mt,scripts/create_fiji_v28_drought_test.py,working-tree-2026-08-04,
CALC_FISH_V29_RESIDENT_FOOD,"mean(28.18, 28.10, 27.95)",SRC_FOOD_FAOSTAT_FBS_FIJI_2021_23,ASM_FOOD_PER_CAPITA_CONSTANT ASM_FISH_AGGREGATE_MARKET_WEIGHT,,"{""2021"":28.18,""2022"":28.1,""2023"":27.95,""element"":""Food supply quantity (kg/capita/yr)"",""item"":""Fish, Seafood""}",kg/person/year,28.076666666666668,kg FSHFOOD/person/year,scripts/create_fiji_v29_population_fisheries_trade.py,working-tree-2026-08-04,
CALC_FISH_V29_GROSS_IMPORTS_2025,sum import net weight over HS0301-0309 and HS1604-1605,SRC_FOOD_COMTRADE_FISH_FJI_2025,ASM_FISH_AGGREGATE_MARKET_WEIGHT,,"{""0301"":31.0,""0302"":185665.88,""0303"":14494182.836,""0304"":78926.77,""0305"":21968.78,""0306"":420449.242,""0307"":171579.27,""0308"":30.0,""0309"":0.0,""1604"":9317887.186,""1605"":27390.57}",kg net weight,24718111.533999998,kg,scripts/create_fiji_v29_population_fisheries_trade.py,working-tree-2026-08-04,
CALC_FISH_V29_REEXPORTS_2025,sum reported re-export net weight over HS0301-0309 and HS1604-1605,SRC_FOOD_COMTRADE_FISH_FJI_2025,ASM_FISH_AGGREGATE_MARKET_WEIGHT,,"{""0301"":0.0,""0302"":377639.95,""0303"":26821304.74,""0304"":0.0,""0305"":0.0,""0306"":23320.0,""0307"":2680.0,""0308"":200.0,""0309"":0.0,""1604"":5976500.55,""1605"":0.0}",kg net weight,33201645.24,kg,scripts/create_fiji_v29_population_fisheries_trade.py,working-tree-2026-08-04,
CALC_FISH_V29_RETAINED_IMPORTS_2025,"sum over HS headings of max(import net weight - reported re-export net weight, 0)",SRC_FOOD_COMTRADE_FISH_FJI_2025 SRC_FOOD_FIJI_IMTS_2025,ASM_FISH_RETAINED_IMPORT_METHOD ASM_FISH_AGGREGATE_MARKET_WEIGHT,CALC_FISH_V29_GROSS_IMPORTS_2025 CALC_FISH_V29_REEXPORTS_2025,"{""0301"":31.0,""0302"":0.0,""0303"":0.0,""0304"":78926.77,""0305"":21968.78,""0306"":397129.242,""0307"":168899.27,""0308"":0.0,""0309"":0.0,""1604"":3341386.636000001,""1605"":27390.57}",kg by HS heading,4035732.268000001,kg,scripts/create_fiji_v29_population_fisheries_trade.py,working-tree-2026-08-04,
CALC_FISH_V29_DOMESTIC_EXPORTS_2025,sum domestic-export net weight over HS0301-0309 and HS1604-1605,SRC_FOOD_COMTRADE_FISH_FJI_2025,ASM_FISH_AGGREGATE_MARKET_WEIGHT,,"{""0301"":154346.22,""0302"":992016.62,""0303"":3703517.71,""0304"":6941.07,""0305"":0.0,""0306"":4515.48,""0307"":9966.66,""0308"":3478.4,""0309"":708.0,""1604"":645605.23,""1605"":3949.0}",kg net weight,5525044.39,kg,scripts/create_fiji_v29_population_fisheries_trade.py,working-tree-2026-08-04,
CALC_FISH_V29_FINAL_DEMAND,resident_fish_kg_per_person * population / 1e9 + domestic_exports_2025_kg/1e9 * population/population_2025,,ASM_FOOD_PER_CAPITA_CONSTANT ASM_FOOD_TOURISM_EXCLUDED ASM_FISH_TRADE_POPULATION_SCALE ASM_FISH_AGGREGATE_MARKET_WEIGHT,CALC_FOOD_POPULATION_FJI_2020_2050 CALC_FISH_V29_RESIDENT_FOOD CALC_FISH_V29_DOMESTIC_EXPORTS_2025,"{""exports_2025_kg"":5525044.39,""reference_population"":933154.0,""resident_kg_per_person"":28.076666666666668}",kg/person/year; kg; people,"{""2020"":0.03110644977004516,""2021"":0.03116587739083206,""2022"":0.031258044599043314,""2023"":0.031418648764144734,""2024"":0.03157632914469943,""2025"":0.03172489819666667,""2026"":0.031865239854909404,""2027"":0.03200272572359487,""2028"":0.03214014359729088,""2029"":0.03227320979166153,""2030"":0.03240321621150655,""2031"":0.03252536921006908,""2032"":0.03264011075478062,""2033"":0.03275169053248233,""2034"":0.032859632578248,""2035"":0.03296492281942478,""2036"":0.03306779923847577,""2037"":0.033169859717653266,""2038"":0.03326852044735782,""2039"":0.03336112962300056,""2040"":0.033448707169423345,""2041"":0.03353594474089884,""2042"":0.033617606723238734,""2043"":0.03368716559745497,""2044"":0.03375097889506195,""2045"":0.033809046616059664,""2046"":0.03386062081556408,""2047"":0.03390695940088018,""2048"":0.033948538336934175,""2049"":0.0339820598667373,""2050"":0.034006368075468786}",Mt FSHFOOD/year,scripts/create_fiji_v29_population_fisheries_trade.py,working-tree-2026-08-04,
CALC_FISH_V29_IMPORT_FLOOR,retained_imports_2025_kg/1e9 * population/population_2025,,ASM_FISH_TRADE_POPULATION_SCALE ASM_FISH_IMPORT_BACKSTOP ASM_FISH_RETAINED_IMPORT_METHOD,CALC_FOOD_POPULATION_FJI_2020_2050 CALC_FISH_V29_RETAINED_IMPORTS_2025,"{""reference_population"":933154.0,""retained_imports_2025_kg"":4035732.268000001}",kg; people,"{""2020"":0.003957059288312631,""2021"":0.003964619090879479,""2022"":0.003976343704585842,""2023"":0.003996774200767643,""2024"":0.004016832761582882,""2025"":0.004035732268000001,""2026"":0.0040535851655949355,""2027"":0.004071074777482997,""2028"":0.004088555739711371,""2029"":0.004105483123719748,""2030"":0.004122021273042187,""2031"":0.004137560386670724,""2032"":0.004152156687393328,""2033"":0.0041663507789404634,""2034"":0.0041800821136943195,""2035"":0.0041934761117203645,""2036"":0.0042065630468275045,""2037"":0.004219546186018395,""2038"":0.004232096842224911,""2039"":0.004243877678719244,""2040"":0.004255018440396703,""2041"":0.004266115953775725,""2042"":0.004276504195060375,""2043"":0.004285352796920655,""2044"":0.004293470502537345,""2045"":0.004300857311910443,""2046"":0.004307418078783387,""2047"":0.004313312821860397,""2048"":0.004318602088759284,""2049"":0.004322866370985206,""2050"":0.004325958624323476}",Mt FSHFOOD/year,scripts/create_fiji_v29_population_fisheries_trade.py,working-tree-2026-08-04,
CALC_FISH_V29_CAPTURE_INTENSITY,0.033508266 PJ capture service / (23661 tonne / 1e6 tonne/Mt),SRC_FIJI_V27_SOLVED,ASM_FISH_SERVICE_INTENSITY_FIXED,CALC_FSH_CAPTURE_SERVICE,"{""landings_tonnes"":23661.0,""service_pj"":0.033508266}",PJ; tonne,1.4161813110181312,PJ FSHCAPSERV/Mt FSHRAW,scripts/create_fiji_v29_population_fisheries_trade.py,working-tree-2026-08-04,
CALC_FISH_V29_AQUACULTURE_INTENSITY,0.000005841963 PJ aquaculture service / (4.32738 tonne / 1e6 tonne/Mt),SRC_FIJI_V27_SOLVED,ASM_FISH_SERVICE_INTENSITY_FIXED,CALC_FSH_AQ_SERVICE,"{""harvest_tonnes"":4.32738,""service_pj"":5.841963e-06}",PJ; tonne,1.35,PJ FSHAQSERV/Mt FSHRAW,scripts/create_fiji_v29_population_fisheries_trade.py,working-tree-2026-08-04,
CALC_FISH_V29_POST_INTENSITY,0.019242795528 PJ post-harvest service / (23665.32738 tonne / 1e6 tonne/Mt),SRC_FIJI_V27_SOLVED,ASM_FISH_SERVICE_INTENSITY_FIXED,CALC_FSH_POST_SERVICE,"{""service_pj"":0.019242795528,""throughput_tonnes"":23665.32738}",PJ; tonne,0.8131218816039891,PJ FSHPOSTSERV/Mt FSHFOOD,scripts/create_fiji_v29_population_fisheries_trade.py,working-tree-2026-08-04,
CALC_FISH_V29_IMPORT_VC,select screening VC above 138.737130672 maximum observed undiscounted domestic marginal value,SRC_FIJI_V29_VALIDATION,ASM_FISH_IMPORT_SCREENING_COST,,"{""maximum_discounted_dual"":111.38863,""maximum_undiscounted_dual"":138.737130672,""retained_import_pilot_vc"":1000}",million USD/Mt,200.0,million USD/Mt,scripts/create_fiji_v29_population_fisheries_trade.py,working-tree-2026-08-04,
CALC_FISH_V29_SOLVER_VALIDATION,deterministic source/generated checks + MUIO generation/preprocessing + GLPK check + bounded/full CBC + unchanged v2.8 comparison + annual balances/duals,SRC_FIJI_V29_VALIDATION SRC_FIJI_V28_SOLVED,,CALC_FISH_V29_FINAL_DEMAND CALC_FISH_V29_IMPORT_FLOOR CALC_FISH_V29_CAPTURE_INTENSITY CALC_FISH_V29_AQUACULTURE_INTENSITY CALC_FISH_V29_POST_INTENSITY CALC_FISH_V29_IMPORT_VC,"{""checks"":{""application_generation_and_preprocessing"":""pass"",""cbc_bounded_candidate"":""optimal"",""cbc_full_candidate"":""optimal"",""cbc_live"":""optimal"",""cbc_shock"":""optimal"",""deterministic_generated"":{""checks"":24382,""status"":""pass""},""deterministic_source"":{""checks"":24373,""status"":""pass""},""glpsol_5_check"":""pass""},""control"":{""case"":""Fiji_v2.8"",""matrix"":{""columns"":133862,""nonzeros"":732134,""rows"":174098},""objective"":4158.92072593,""run"":""Population_Crop_Trade_v2.8""},""live"":{""elapsed_seconds"":45.58399295806885,""matrix"":{""columns"":137090,""nonzeros"":743918,""objrow_nonzeros"":26288,""rows"":178353},""objective"":4170.87205658,""solver_timer"":""   Result - Optimal solution found - Total time (CPU seconds):       38.60   (Wallclock seconds):       39.14""}}",status; objective; matrix dimensions; seconds,"{""maximum_balance_residual"":1.0500000036106627e-09,""normal_2025"":{""aquaculture_mt"":0.027689166,""capture_mt"":0.0,""domestic_exports_mt"":0.00552504439,""domestic_mt"":0.027689166,""final_demand_mt"":0.03172489819666667,""imports_mt"":0.0040357323,""resident_food_mt"":0.02619985380666667},""objective_change"":{""absolute"":11.951330650000273,""percent"":0.28736615669266996},""status"":""pass""}",validation status; Mt; PJ,scripts/finalize_fiji_v29_population_fisheries_trade.py,working-tree-2026-08-04,
CALC_FISH_V29_SHOCK_VALIDATION,cap each domestic harvest link at 2.5 percent of normal domestic supply and verify imports cover the resulting 95 percent loss,SRC_FIJI_V29_VALIDATION,ASM_FOOD_SHOCK_95PCT_DIAGNOSTIC,CALC_FISH_V29_FINAL_DEMAND CALC_FISH_V29_IMPORT_FLOOR,"{""aquaculture_mt"":0.00069222915,""capture_mt"":0.00069222915,""domestic_fraction_of_normal"":0.049999999999999996,""domestic_mt"":0.0013844583,""final_demand_mt"":0.03172489819666667,""import_increase_mt"":0.0263047077,""imports_mt"":0.03034044}",Mt; fraction,"{""objective"":4232.12434577,""shock_2025"":{""aquaculture_mt"":0.00069222915,""capture_mt"":0.00069222915,""domestic_fraction_of_normal"":0.049999999999999996,""domestic_mt"":0.0013844583,""final_demand_mt"":0.03172489819666667,""import_increase_mt"":0.0263047077,""imports_mt"":0.03034044},""status"":""optimal""}",validation status; objective; Mt,scripts/create_fiji_v29_fisheries_shock.py,working-tree-2026-08-04,
