map_id,model_file,parameter,entity,mode,scenario,years,value_or_expression,model_unit,evidence_ids,superseded_by,notes
MAP_ACTIVE_INPUT_INVENTORY,active_source_files.csv,provenance inventory,Fiji_v2.9 active source files,,SC_0,2026-08-04,one row per current Fiji_v2.9 source/supporting JSON,inventory row,SRC_FIJI_V28_SOLVED SRC_FIJI_V29_VALIDATION,,Coverage anchor for the current JSON-native MUIO case.
MAP_FILE_R_JSON,R.json,complete active source file,R.json,,SC_0,2020-2050,current Fiji_v2.9 source JSON; unchanged cells retain inherited lineage; parameter-specific overlay rows take precedence,mixed model units,SRC_FIJI_V25_CASE,,File-level v2.9 coverage; see active parameter-specific map rows for changed families.
MAP_FILE_RE_JSON,RE.json,complete active source file,RE.json,,SC_0,2020-2050,current Fiji_v2.9 source JSON; unchanged cells retain inherited lineage; parameter-specific overlay rows take precedence,mixed model units,SRC_FIJI_V25_CASE,,File-level v2.9 coverage; see active parameter-specific map rows for changed families.
MAP_FILE_RS_JSON,RS.json,complete active source file,RS.json,,SC_0,2020-2050,current Fiji_v2.9 source JSON; unchanged cells retain inherited lineage; parameter-specific overlay rows take precedence,mixed model units,SRC_FIJI_V25_CASE,,File-level v2.9 coverage; see active parameter-specific map rows for changed families.
MAP_FILE_RT_JSON,RT.json,complete active source file,RT.json,,SC_0,2020-2050,current Fiji_v2.9 source JSON; unchanged cells retain inherited lineage; parameter-specific overlay rows take precedence,mixed model units,SRC_FIJI_V25_CASE,,File-level v2.9 coverage; see active parameter-specific map rows for changed families.
MAP_FILE_RTSM_JSON,RTSM.json,complete active source file,RTSM.json,,SC_0,2020-2050,current Fiji_v2.9 source JSON; unchanged cells retain inherited lineage; parameter-specific overlay rows take precedence,mixed model units,SRC_FIJI_V25_CASE,,File-level v2.9 coverage; see active parameter-specific map rows for changed families.
MAP_FILE_RYC_JSON,RYC.json,complete active source file,RYC.json,,SC_0,2020-2050,current Fiji_v2.9 source JSON; unchanged cells retain inherited lineage; parameter-specific overlay rows take precedence,mixed model units,SRC_FIJI_V25_CASE,,File-level v2.9 coverage; see active parameter-specific map rows for changed families.
MAP_FILE_RYCTS_JSON,RYCTs.json,complete active source file,RYCTs.json,,SC_0,2020-2050,current Fiji_v2.9 source JSON; unchanged cells retain inherited lineage; parameter-specific overlay rows take precedence,mixed model units,SRC_FIJI_V25_CASE,,File-level v2.9 coverage; see active parameter-specific map rows for changed families.
MAP_FILE_RYCN_JSON,RYCn.json,complete active source file,RYCn.json,,SC_0,2020-2050,current Fiji_v2.9 source JSON; unchanged cells retain inherited lineage; parameter-specific overlay rows take precedence,mixed model units,CALC_LAND_COUNTRY_MODEL_UNITS CALC_LAND_CROPLAND_MODEL_UNITS CALC_LAND_IRRIGATION_MODEL_UNITS CALC_ENV_LAND CALC_ENV_WATER,,File-level v2.9 coverage; see active parameter-specific map rows for changed families.
MAP_FILE_RYDTB_JSON,RYDtb.json,complete active source file,RYDtb.json,,SC_0,2020-2050,current Fiji_v2.9 source JSON; unchanged cells retain inherited lineage; parameter-specific overlay rows take precedence,mixed model units,SRC_FIJI_V25_CASE,,File-level v2.9 coverage; see active parameter-specific map rows for changed families.
MAP_FILE_RYE_JSON,RYE.json,complete active source file,RYE.json,,SC_0,2020-2050,current Fiji_v2.9 source JSON; unchanged cells retain inherited lineage; parameter-specific overlay rows take precedence,mixed model units,SRC_FIJI_V25_CASE,,File-level v2.9 coverage; see active parameter-specific map rows for changed families.
MAP_FILE_RYS_JSON,RYS.json,complete active source file,RYS.json,,SC_0,2020-2050,current Fiji_v2.9 source JSON; unchanged cells retain inherited lineage; parameter-specific overlay rows take precedence,mixed model units,SRC_FIJI_V25_CASE,,File-level v2.9 coverage; see active parameter-specific map rows for changed families.
MAP_FILE_RYSEDT_JSON,RYSeDt.json,complete active source file,RYSeDt.json,,SC_0,2020-2050,current Fiji_v2.9 source JSON; unchanged cells retain inherited lineage; parameter-specific overlay rows take precedence,mixed model units,SRC_FIJI_V25_CASE,,File-level v2.9 coverage; see active parameter-specific map rows for changed families.
MAP_FILE_RYT_JSON,RYT.json,complete active source file,RYT.json,,SC_0,2020-2050,current Fiji_v2.9 source JSON; unchanged cells retain inherited lineage; parameter-specific overlay rows take precedence,mixed model units,SRC_FIJI_V25_CASE CALC_LAND_COUNTRY_MODEL_UNITS CALC_LAND_CROPLAND_MODEL_UNITS CALC_LAND_IRRIGATION_MODEL_UNITS SRC_UNSD_ENERGY,,File-level v2.9 coverage; see active parameter-specific map rows for changed families.
MAP_FILE_RYTC_JSON,RYTC.json,complete active source file,RYTC.json,,SC_0,2020-2050,current Fiji_v2.9 source JSON; unchanged cells retain inherited lineage; parameter-specific overlay rows take precedence,mixed model units,SRC_FIJI_V25_CASE,,File-level v2.9 coverage; see active parameter-specific map rows for changed families.
MAP_FILE_RYTCM_JSON,RYTCM.json,complete active source file,RYTCM.json,,SC_0,2020-2050,current Fiji_v2.9 source JSON; unchanged cells retain inherited lineage; parameter-specific overlay rows take precedence,mixed model units,SRC_FIJI_V25_CASE CALC_THERMAL_FROZEN_HEAT_RATE CALC_ENV_LAND CALC_ENV_WATER,,File-level v2.9 coverage; see active parameter-specific map rows for changed families.
MAP_FILE_RYTCN_JSON,RYTCn.json,complete active source file,RYTCn.json,,SC_0,2020-2050,current Fiji_v2.9 source JSON; unchanged cells retain inherited lineage; parameter-specific overlay rows take precedence,mixed model units,CALC_ENV_LAND CALC_ENV_WATER SRC_FIJI_V25_CASE,,File-level v2.9 coverage; see active parameter-specific map rows for changed families.
MAP_FILE_RYTEM_JSON,RYTEM.json,complete active source file,RYTEM.json,,SC_0,2020-2050,current Fiji_v2.9 source JSON; unchanged cells retain inherited lineage; parameter-specific overlay rows take precedence,mixed model units,SRC_FIJI_V25_CASE,,File-level v2.9 coverage; see active parameter-specific map rows for changed families.
MAP_FILE_RYTM_JSON,RYTM.json,complete active source file,RYTM.json,,SC_0,2020-2050,current Fiji_v2.9 source JSON; unchanged cells retain inherited lineage; parameter-specific overlay rows take precedence,mixed model units,SRC_FIJI_V25_CASE ASM_PRICE_IMPHFO ASM_PRICE_IMPDSL ASM_PRICE_IMPKER ASM_PRICE_IMPGSL ASM_PRICE_IMPLPG ASM_PRICE_RNWBIO,,File-level v2.9 coverage; see active parameter-specific map rows for changed families.
MAP_FILE_RYTTS_JSON,RYTTs.json,complete active source file,RYTTs.json,,SC_0,2020-2050,current Fiji_v2.9 source JSON; unchanged cells retain inherited lineage; parameter-specific overlay rows take precedence,mixed model units,SRC_FIJI_V25_CASE,,File-level v2.9 coverage; see active parameter-specific map rows for changed families.
MAP_FILE_RYTS_JSON,RYTs.json,complete active source file,RYTs.json,,SC_0,2020-2050,current Fiji_v2.9 source JSON; unchanged cells retain inherited lineage; parameter-specific overlay rows take precedence,mixed model units,SRC_FIJI_V25_CASE,,File-level v2.9 coverage; see active parameter-specific map rows for changed families.
MAP_FILE_GENDATA_JSON,genData.json,complete active source file,genData.json,,SC_0,2020-2050,current Fiji_v2.9 source JSON; unchanged cells retain inherited lineage; parameter-specific overlay rows take precedence,mixed model units,SRC_FIJI_V25_CASE SRC_NAMIBIA_LAND_PATTERN CALC_ENV_LAND CALC_ENV_WATER,,File-level v2.9 coverage; see active parameter-specific map rows for changed families.
MAP_FILE_LAND_ALLOCATION_2020_JSON,land_allocation_2020.json,complete active source file,land_allocation_2020.json,,SC_0,2020-2050,current Fiji_v2.6 source JSON; unchanged cells inherit Fiji_v2.5,mixed model units,CALC_LULC_SCALE CALC_LAND_CROSSCHECKS,,File-level coverage; parameter-specific overlay rows below take precedence for changed families.
MAP_FILE_NATIONAL_LAND_MANIFEST_JSON,national_land_manifest.json,complete active source file,national_land_manifest.json,,SC_0,2020-2050,current Fiji_v2.6 source JSON; unchanged cells inherit Fiji_v2.5,mixed model units,CALC_ENV_LAND CALC_ENV_WATER SRC_FIJI_V26_VALIDATION,,File-level coverage; parameter-specific overlay rows below take precedence for changed families.
MAP_FILE_PHASE1F_THERMAL_FUEL_COST_JSON,phase1f_thermal_fuel_cost.json,complete active source file,phase1f_thermal_fuel_cost.json,,SC_0,2020-2050,current Fiji_v2.6 source JSON; unchanged cells inherit Fiji_v2.5,mixed model units,SRC_FIJI_PHASE1F SRC_EFL_ANNUAL SRC_RBF_FX,,File-level coverage; parameter-specific overlay rows below take precedence for changed families.
MAP_FILE_PHASE1G_CROP_LAND_JSON,phase1g_crop_land.json,complete active source file,phase1g_crop_land.json,,SC_0,2020-2050,current Fiji_v2.6 source JSON; unchanged cells inherit Fiji_v2.5,mixed model units,SRC_FAOSTAT_CROPS SRC_FIJI_AG_CENSUS,,File-level coverage; parameter-specific overlay rows below take precedence for changed families.
MAP_FILE_PHASE1H_ROAD_TRANSPORT_JSON,phase1h_road_transport.json,complete active source file,phase1h_road_transport.json,,SC_0,2020-2050,current Fiji_v2.6 source JSON; unchanged cells inherit Fiji_v2.5,mixed model units,SRC_UNSD_ENERGY SRC_FIJI_ENERGY_ACCOUNT SRC_FIJI_GHG_NIR SRC_FIJI_IMTS SRC_FIJI_LEDS,,File-level coverage; parameter-specific overlay rows below take precedence for changed families.
MAP_FILE_PHASE1I_PETROLEUM_ACCOUNTING_JSON,phase1i_petroleum_accounting.json,complete active source file,phase1i_petroleum_accounting.json,,SC_0,2020-2050,current Fiji_v2.6 source JSON; unchanged cells inherit Fiji_v2.5,mixed model units,SRC_UNSD_ENERGY SRC_UNSD_DSD SRC_FIJI_GHG_NIR,,File-level coverage; parameter-specific overlay rows below take precedence for changed families.
MAP_FILE_PHASE1J_PUBLIC_DATA_JSON,phase1j_public_data.json,complete active source file,phase1j_public_data.json,,SC_0,2020-2050,current Fiji_v2.6 source JSON; unchanged cells inherit Fiji_v2.5,mixed model units,SRC_FIJI_PHASE1J SRC_UNSD_ENERGY,,File-level coverage; parameter-specific overlay rows below take precedence for changed families.
MAP_FILE_PHASE1K_PROMOTION_JSON,phase1k_promotion.json,complete active source file,phase1k_promotion.json,,SC_0,2020-2050,current Fiji_v2.6 source JSON; unchanged cells inherit Fiji_v2.5,mixed model units,SRC_FIJI_V26_VALIDATION,,File-level coverage; parameter-specific overlay rows below take precedence for changed families.
MAP_FILE_PHASE1K_TOPOLOGY_CLEANUP_JSON,phase1k_topology_cleanup.json,complete active source file,phase1k_topology_cleanup.json,,SC_0,2020-2050,current Fiji_v2.6 source JSON; unchanged cells inherit Fiji_v2.5,mixed model units,SRC_FIJI_V25_CASE SRC_FIJI_V26_VALIDATION,,File-level coverage; parameter-specific overlay rows below take precedence for changed families.
MAP_FILE_RESERVE_MARGIN_PROXY_JSON,reserve_margin_proxy.json,complete active source file,reserve_margin_proxy.json,,SC_0,2020-2050,current Fiji_v2.6 source JSON; unchanged cells inherit Fiji_v2.5,mixed model units,SRC_FIJI_V25_CASE,,File-level coverage; parameter-specific overlay rows below take precedence for changed families.
MAP_FILE_VALIDATION_NATIONAL_LAND_JSON,validation_national_land.json,complete active source file,validation_national_land.json,,SC_0,2020-2050,current Fiji_v2.6 source JSON; unchanged cells inherit Fiji_v2.5,mixed model units,SRC_FIJI_V26_VALIDATION,,File-level coverage; parameter-specific overlay rows below take precedence for changed families.
MAP_FIXED_LNDFORTOT,RYT.json,TotalAnnualTechnologyActivityLowerLimit=UpperLimit,LNDFORTOT,1,SC_0,2020-2050,11.1344,1000 km2/year,CALC_LAND_FOREST_MODEL_UNITS ASM_LAND_HORIZON_CONSTANT,,
MAP_MODE_LNDFORTOT,RYTM.json,TotalTechnologyAnnualActivityByModeUpperLimit,LNDFORTOT,1,SC_0,2020-2050,11.1344,1000 km2/year,CALC_LAND_FOREST_MODEL_UNITS ASM_LAND_HORIZON_CONSTANT,,
MAP_FIXED_LNDGRSTOT,RYT.json,TotalAnnualTechnologyActivityLowerLimit=UpperLimit,LNDGRSTOT,1,SC_0,2020-2050,1.73,1000 km2/year,CALC_LAND_GRASS_MODEL_UNITS ASM_LAND_HORIZON_CONSTANT,,
MAP_MODE_LNDGRSTOT,RYTM.json,TotalTechnologyAnnualActivityByModeUpperLimit,LNDGRSTOT,1,SC_0,2020-2050,1.73,1000 km2/year,CALC_LAND_GRASS_MODEL_UNITS ASM_LAND_HORIZON_CONSTANT,,
MAP_FIXED_LNDBLTTOT,RYT.json,TotalAnnualTechnologyActivityLowerLimit=UpperLimit,LNDBLTTOT,1,SC_0,2020-2050,0.4313919726492575,1000 km2/year,CALC_LAND_BUILT_SCALED ASM_LAND_HORIZON_CONSTANT,,
MAP_MODE_LNDBLTTOT,RYTM.json,TotalTechnologyAnnualActivityByModeUpperLimit,LNDBLTTOT,1,SC_0,2020-2050,0.4313919726492575,1000 km2/year,CALC_LAND_BUILT_SCALED ASM_LAND_HORIZON_CONSTANT,,
MAP_FIXED_LNDWATTOT,RYT.json,TotalAnnualTechnologyActivityLowerLimit=UpperLimit,LNDWATTOT,1,SC_0,2020-2050,0.16680430818632933,1000 km2/year,CALC_LAND_WATER_SCALED ASM_LAND_HORIZON_CONSTANT,,
MAP_MODE_LNDWATTOT,RYTM.json,TotalTechnologyAnnualActivityByModeUpperLimit,LNDWATTOT,1,SC_0,2020-2050,0.16680430818632933,1000 km2/year,CALC_LAND_WATER_SCALED ASM_LAND_HORIZON_CONSTANT,,
MAP_FIXED_LNDBARTOT,RYT.json,TotalAnnualTechnologyActivityLowerLimit=UpperLimit,LNDBARTOT,1,SC_0,2020-2050,0.0026639171888409225,1000 km2/year,CALC_LAND_BARE_SCALED ASM_LAND_HORIZON_CONSTANT,,
MAP_MODE_LNDBARTOT,RYTM.json,TotalTechnologyAnnualActivityByModeUpperLimit,LNDBARTOT,1,SC_0,2020-2050,0.0026639171888409225,1000 km2/year,CALC_LAND_BARE_SCALED ASM_LAND_HORIZON_CONSTANT,,
MAP_RATIO_LNDYAMLITOT,RYTCM.json,InputActivityRatio and OutputActivityRatio,LNDYAMLITOT,1,SC_0,2020-2050,national area-weighted coefficients from four Fiji v2.5 zones,commodity per 1000 km2 activity,CALC_NATIONAL_LNDYAMLITOT,,
MAP_RATIO_LNDYAMLRTOT,RYTCM.json,InputActivityRatio and OutputActivityRatio,LNDYAMLRTOT,1,SC_0,2020-2050,national area-weighted coefficients from four Fiji v2.5 zones,commodity per 1000 km2 activity,CALC_NATIONAL_LNDYAMLRTOT,,
MAP_RATIO_LNDCONLRTOT,RYTCM.json,InputActivityRatio and OutputActivityRatio,LNDCONLRTOT,1,SC_0,2020-2050,national area-weighted coefficients from four Fiji v2.5 zones,commodity per 1000 km2 activity,CALC_NATIONAL_LNDCONLRTOT,,
MAP_RATIO_LNDCASHITOT,RYTCM.json,InputActivityRatio and OutputActivityRatio,LNDCASHITOT,1,SC_0,2020-2050,national area-weighted coefficients from four Fiji v2.5 zones,commodity per 1000 km2 activity,CALC_NATIONAL_LNDCASHITOT,,
MAP_RATIO_LNDCASLRTOT,RYTCM.json,InputActivityRatio and OutputActivityRatio,LNDCASLRTOT,1,SC_0,2020-2050,national area-weighted coefficients from four Fiji v2.5 zones,commodity per 1000 km2 activity,CALC_NATIONAL_LNDCASLRTOT,,
MAP_RATIO_LNDSGCHITOT,RYTCM.json,InputActivityRatio and OutputActivityRatio,LNDSGCHITOT,1,SC_0,2020-2050,national area-weighted coefficients from four Fiji v2.5 zones,commodity per 1000 km2 activity,CALC_NATIONAL_LNDSGCHITOT,,
MAP_RATIO_LNDSGCLITOT,RYTCM.json,InputActivityRatio and OutputActivityRatio,LNDSGCLITOT,1,SC_0,2020-2050,national area-weighted coefficients from four Fiji v2.5 zones,commodity per 1000 km2 activity,CALC_NATIONAL_LNDSGCLITOT,,
MAP_RATIO_LNDCONHRTOT,RYTCM.json,InputActivityRatio and OutputActivityRatio,LNDCONHRTOT,1,SC_0,2020-2050,national area-weighted coefficients from four Fiji v2.5 zones,commodity per 1000 km2 activity,CALC_NATIONAL_LNDCONHRTOT,,
MAP_RATIO_LNDCONHITOT,RYTCM.json,InputActivityRatio and OutputActivityRatio,LNDCONHITOT,1,SC_0,2020-2050,national area-weighted coefficients from four Fiji v2.5 zones,commodity per 1000 km2 activity,CALC_NATIONAL_LNDCONHITOT,,
MAP_RATIO_LNDCONLITOT,RYTCM.json,InputActivityRatio and OutputActivityRatio,LNDCONLITOT,1,SC_0,2020-2050,national area-weighted coefficients from four Fiji v2.5 zones,commodity per 1000 km2 activity,CALC_NATIONAL_LNDCONLITOT,,
MAP_RATIO_LNDCASHRTOT,RYTCM.json,InputActivityRatio and OutputActivityRatio,LNDCASHRTOT,1,SC_0,2020-2050,national area-weighted coefficients from four Fiji v2.5 zones,commodity per 1000 km2 activity,CALC_NATIONAL_LNDCASHRTOT,,
MAP_RATIO_LNDYAMHITOT,RYTCM.json,InputActivityRatio and OutputActivityRatio,LNDYAMHITOT,1,SC_0,2020-2050,national area-weighted coefficients from four Fiji v2.5 zones,commodity per 1000 km2 activity,CALC_NATIONAL_LNDYAMHITOT,,
MAP_RATIO_LNDCASLITOT,RYTCM.json,InputActivityRatio and OutputActivityRatio,LNDCASLITOT,1,SC_0,2020-2050,national area-weighted coefficients from four Fiji v2.5 zones,commodity per 1000 km2 activity,CALC_NATIONAL_LNDCASLITOT,,
MAP_RATIO_LNDYAMHRTOT,RYTCM.json,InputActivityRatio and OutputActivityRatio,LNDYAMHRTOT,1,SC_0,2020-2050,national area-weighted coefficients from four Fiji v2.5 zones,commodity per 1000 km2 activity,CALC_NATIONAL_LNDYAMHRTOT,,
MAP_RATIO_LNDSGCHRTOT,RYTCM.json,InputActivityRatio and OutputActivityRatio,LNDSGCHRTOT,1,SC_0,2020-2050,national area-weighted coefficients from four Fiji v2.5 zones,commodity per 1000 km2 activity,CALC_NATIONAL_LNDSGCHRTOT,,
MAP_RATIO_LNDSGCLRTOT,RYTCM.json,InputActivityRatio and OutputActivityRatio,LNDSGCLRTOT,1,SC_0,2020-2050,national area-weighted coefficients from four Fiji v2.5 zones,commodity per 1000 km2 activity,CALC_NATIONAL_LNDSGCLRTOT,,
MAP_RATIO_LNDOTHLITOT,RYTCM.json,InputActivityRatio and OutputActivityRatio,LNDOTHLITOT,1,SC_0,2020-2050,national area-weighted coefficients from four Fiji v2.5 zones,commodity per 1000 km2 activity,CALC_NATIONAL_LNDOTHLITOT,,
MAP_RATIO_LNDOTHHITOT,RYTCM.json,InputActivityRatio and OutputActivityRatio,LNDOTHHITOT,1,SC_0,2020-2050,national area-weighted coefficients from four Fiji v2.5 zones,commodity per 1000 km2 activity,CALC_NATIONAL_LNDOTHHITOT,,
MAP_RATIO_LNDOTHLRTOT,RYTCM.json,InputActivityRatio and OutputActivityRatio,LNDOTHLRTOT,1,SC_0,2020-2050,national area-weighted coefficients from four Fiji v2.5 zones,commodity per 1000 km2 activity,CALC_NATIONAL_LNDOTHLRTOT,,
MAP_RATIO_LNDOTHHRTOT,RYTCM.json,InputActivityRatio and OutputActivityRatio,LNDOTHHRTOT,1,SC_0,2020-2050,national area-weighted coefficients from four Fiji v2.5 zones,commodity per 1000 km2 activity,CALC_NATIONAL_LNDOTHHRTOT,,
MAP_RATIO_LNDBARTOT,RYTCM.json,InputActivityRatio and OutputActivityRatio,LNDBARTOT,1,SC_0,2020-2050,national area-weighted coefficients from four Fiji v2.5 zones,commodity per 1000 km2 activity,CALC_NATIONAL_LNDBARTOT,,
MAP_RATIO_LNDBLTTOT,RYTCM.json,InputActivityRatio and OutputActivityRatio,LNDBLTTOT,1,SC_0,2020-2050,national area-weighted coefficients from four Fiji v2.5 zones,commodity per 1000 km2 activity,CALC_NATIONAL_LNDBLTTOT,,
MAP_RATIO_LNDFORTOT,RYTCM.json,InputActivityRatio and OutputActivityRatio,LNDFORTOT,1,SC_0,2020-2050,national area-weighted coefficients from four Fiji v2.5 zones,commodity per 1000 km2 activity,CALC_NATIONAL_LNDFORTOT,,
MAP_RATIO_LNDGRSTOT,RYTCM.json,InputActivityRatio and OutputActivityRatio,LNDGRSTOT,1,SC_0,2020-2050,national area-weighted coefficients from four Fiji v2.5 zones,commodity per 1000 km2 activity,CALC_NATIONAL_LNDGRSTOT,,
MAP_RATIO_LNDOTHTOT,RYTCM.json,InputActivityRatio and OutputActivityRatio,LNDOTHTOT,1,SC_0,2020-2050,national area-weighted coefficients from four Fiji v2.5 zones,commodity per 1000 km2 activity,CALC_NATIONAL_LNDOTHTOT,,
MAP_RATIO_LNDWATTOT,RYTCM.json,InputActivityRatio and OutputActivityRatio,LNDWATTOT,1,SC_0,2020-2050,national area-weighted coefficients from four Fiji v2.5 zones,commodity per 1000 km2 activity,CALC_NATIONAL_LNDWATTOT,,
MAP_MINLNDTOT_STOCK,RYT.json,TotalAnnualTechnologyActivityLowerLimit=UpperLimit,MINLNDTOT,1,SC_0,2020-2050,18.2729,1000 km2/year,CALC_LAND_COUNTRY_MODEL_UNITS,,
MAP_LAND_NATIONAL_CONSTANT,RYCn.json,UserConstraintConstant,LAND_NATIONAL_CLOSURE,,SC_0,2020-2050,0,1000 km2/year,CALC_LAND_COUNTRY_MODEL_UNITS CALC_LAND_OTHER_RESIDUAL,,
MAP_LAND_NATIONAL_MULTIPLIERS,RYTCn.json,UserConstraintActivityMultiplier,LAND_NATIONAL_CLOSURE,,SC_0,2020-2050,MINLNDTOT - sum(26 LND...TOT) = 0,dimensionless,CALC_LAND_OTHER_RESIDUAL,,
MAP_LAND_CROP_CAP,RYCn.json,UserConstraintUpperLimit,LAND_CROPLAND_LIMIT,,SC_0,2020-2050,1.386,1000 km2/year,CALC_LAND_CROPLAND_MODEL_UNITS,,
MAP_LAND_IRRIGATION_CAP,RYCn.json,UserConstraintUpperLimit,LAND_IRRIGATION_LIMIT,,SC_0,2020-2050,0.04,1000 km2/year,CALC_LAND_IRRIGATION_MODEL_UNITS,,
MAP_ENV_LAND_RATIOS,RYTCM.json,InputActivityRatio,ENV_LAND,1-4,SC_0,2020-2050,"modes 1..4 consume LNDFOR, LNDGRS, LNDOTH and LNDBAR one-for-one",1000 km2/1000 km2,CALC_ENV_LAND,,
MAP_ENV_LAND_CLOSURE,RYTCn.json,UserConstraintActivityMultiplier,ENV_LAND_CLOSURE,,SC_0,2020-2050,LNDFORTOT + LNDGRSTOT + LNDOTHTOT + LNDBARTOT - ENV_LAND = 0,dimensionless,CALC_ENV_LAND,,
MAP_ENV_WATER_RATIOS,RYTCM.json,InputActivityRatio,ENV_WATER,1-3,SC_0,2020-2050,"three modes consume WTREVTFJI, WTRGRCFJI, WTRSURFJI one-for-one",km3/km3,CALC_ENV_WATER,,
MAP_ENV_WATER_CLOSURE,RYTCn.json,UserConstraintActivityMultiplier,ENV_WATER_CLOSURE,,SC_0,2020-2050,net water production/use including ENV_WATER = 0,dimensionless,CALC_ENV_WATER,,
MAP_THERMAL_HEAT_RATE,RYTCM.json,InputActivityRatio,PWROILFJIXX01,2,SC_0,2020-2050,2.4858165353507773,PJ/PJ,CALC_THERMAL_FROZEN_HEAT_RATE ASM_THERMAL_HEAT_RATE_FREEZE,,
MAP_THERMAL_VALIDATION,phase1f_thermal_fuel_cost.json,validation observations,PWROILFJIXX01,,benchmark,2023-2024,2023-2024 observed heat-rate and variable-cost cross-checks,PJ/PJ; USD/GJ,CALC_THERMAL_2023 CALC_THERMAL_2024,,
MAP_CROP_YIELD_CAS,RYTCM.json,OutputActivityRatio,LNDCASHRTOT,1,SC_0,2020-2050,2020-2022 observed-yield multiplier; 2022 multiplier held to 2050,Mt crop per 1000 km2,CALC_CROP_CAS_2020 CALC_CROP_CAS_2021 CALC_CROP_CAS_2022 ASM_CROP_POST2022_YIELD,,
MAP_CROP_DEMAND_CAS,RYC.json,SpecifiedAnnualDemand,CRPCAS,,SC_0,2020-2050,FAOSTAT observations through 2024 then inherited growth,Mt,CALC_CROP_DEMAND_CAS,CHG_CROP_POP_TRADE_V28,
MAP_CROP_YIELD_BENCHMARK_CAS,phase1g_crop_land.json,yield validation observations,LNDCASHRTOT,,benchmark,2023-2024,FAOSTAT observed yields retained for 2023-2024 validation,Mt crop per 1000 km2,CALC_CROP_CAS_2023 CALC_CROP_CAS_2024,,
MAP_CROP_YIELD_CON,RYTCM.json,OutputActivityRatio,LNDCONHRTOT,1,SC_0,2020-2050,2020-2022 observed-yield multiplier; 2022 multiplier held to 2050,Mt crop per 1000 km2,CALC_CROP_CON_2020 CALC_CROP_CON_2021 CALC_CROP_CON_2022 ASM_CROP_POST2022_YIELD,,
MAP_CROP_DEMAND_CON,RYC.json,SpecifiedAnnualDemand,CRPCON,,SC_0,2020-2050,FAOSTAT observations through 2024 then inherited growth,Mt,CALC_CROP_DEMAND_CON,CHG_CROP_POP_TRADE_V28,
MAP_CROP_YIELD_BENCHMARK_CON,phase1g_crop_land.json,yield validation observations,LNDCONHRTOT,,benchmark,2023-2024,FAOSTAT observed yields retained for 2023-2024 validation,Mt crop per 1000 km2,CALC_CROP_CON_2023 CALC_CROP_CON_2024,,
MAP_CROP_YIELD_OTH,RYTCM.json,OutputActivityRatio,LNDOTHHRTOT,1,SC_0,2020-2050,2020-2022 observed-yield multiplier; 2022 multiplier held to 2050,Mt crop per 1000 km2,CALC_CROP_OTH_2020 CALC_CROP_OTH_2021 CALC_CROP_OTH_2022 ASM_CROP_POST2022_YIELD,,
MAP_CROP_DEMAND_OTH,RYC.json,SpecifiedAnnualDemand,CRPOTH,,SC_0,2020-2050,FAOSTAT observations through 2024 then inherited growth,Mt,CALC_CROP_DEMAND_OTH,CHG_CROP_POP_TRADE_V28,
MAP_CROP_YIELD_BENCHMARK_OTH,phase1g_crop_land.json,yield validation observations,LNDOTHHRTOT,,benchmark,2023-2024,FAOSTAT observed yields retained for 2023-2024 validation,Mt crop per 1000 km2,CALC_CROP_OTH_2023 CALC_CROP_OTH_2024,,
MAP_CROP_YIELD_SGC,RYTCM.json,OutputActivityRatio,LNDSGCHRTOT,1,SC_0,2020-2050,2020-2022 observed-yield multiplier; 2022 multiplier held to 2050,Mt crop per 1000 km2,CALC_CROP_SGC_2020 CALC_CROP_SGC_2021 CALC_CROP_SGC_2022 ASM_CROP_POST2022_YIELD,,
MAP_CROP_DEMAND_BENCHMARK_SGC,phase1g_crop_land.json,production benchmark,CRPSGC,,benchmark,2020-2024,FAOSTAT observations retained without a direct demand overwrite,Mt,CALC_CROP_DEMAND_SGC,,
MAP_CROP_YIELD_BENCHMARK_SGC,phase1g_crop_land.json,yield validation observations,LNDSGCHRTOT,,benchmark,2023-2024,FAOSTAT observed yields retained for 2023-2024 validation,Mt crop per 1000 km2,CALC_CROP_SGC_2023 CALC_CROP_SGC_2024,,
MAP_CROP_YIELD_YAM,RYTCM.json,OutputActivityRatio,LNDYAMHRTOT,1,SC_0,2020-2050,2020-2022 observed-yield multiplier; 2022 multiplier held to 2050,Mt crop per 1000 km2,CALC_CROP_YAM_2020 CALC_CROP_YAM_2021 CALC_CROP_YAM_2022 ASM_CROP_POST2022_YIELD,,
MAP_CROP_DEMAND_YAM,RYC.json,SpecifiedAnnualDemand,CRPYAM,,SC_0,2020-2050,FAOSTAT observations through 2024 then inherited growth,Mt,CALC_CROP_DEMAND_YAM,CHG_CROP_POP_TRADE_V28,
MAP_CROP_YIELD_BENCHMARK_YAM,phase1g_crop_land.json,yield validation observations,LNDYAMHRTOT,,benchmark,2023-2024,FAOSTAT observed yields retained for 2023-2024 validation,Mt crop per 1000 km2,CALC_CROP_YAM_2023 CALC_CROP_YAM_2024,,
MAP_ROAD_GASOLINE,RYT.json,TotalAnnualTechnologyActivityLowerLimit=UpperLimit,DEMTRAGSL,1,SC_0,2020-2050,observed 2020-2023; hold 2023 through 2050,PJ/year,CALC_ROAD_GASOLINE ASM_FUTURE_FINAL_ENERGY ASM_EQUAL_TIMESLICES,,
MAP_ROAD_DIESEL,RYT.json,TotalAnnualTechnologyActivityLowerLimit=UpperLimit,DEMTRADSL,1,SC_0,2020-2050,observed 2020-2023; hold 2023 through 2050,PJ/year,CALC_ROAD_DIESEL ASM_FUTURE_FINAL_ENERGY ASM_EQUAL_TIMESLICES,,
MAP_PETROLEUM_DEMINDDSL,RYT.json,TotalAnnualTechnologyActivityLowerLimit=UpperLimit,DEMINDDSL,1,SC_0,2020-2050,observed 2020-2023; hold 2023 through 2050,PJ/year,CALC_PETROLEUM_DEMINDDSL ASM_FUTURE_FINAL_ENERGY ASM_EQUAL_TIMESLICES,,
MAP_PETROLEUM_DEMAGRDSL,RYT.json,TotalAnnualTechnologyActivityLowerLimit=UpperLimit,DEMAGRDSL,1,SC_0,2020-2050,observed 2020-2023; hold 2023 through 2050,PJ/year,CALC_PETROLEUM_DEMAGRDSL ASM_FUTURE_FINAL_ENERGY ASM_EQUAL_TIMESLICES,,
MAP_PETROLEUM_DEMINDHFO,RYT.json,TotalAnnualTechnologyActivityLowerLimit=UpperLimit,DEMINDHFO,1,SC_0,2020-2050,observed 2020-2023; hold 2023 through 2050,PJ/year,CALC_PETROLEUM_DEMINDHFO ASM_FUTURE_FINAL_ENERGY ASM_EQUAL_TIMESLICES,,
MAP_PETROLEUM_DEMRESLPG,RYT.json,TotalAnnualTechnologyActivityLowerLimit=UpperLimit,DEMRESLPG,1,SC_0,2020-2050,observed 2020-2023; hold 2023 through 2050,PJ/year,CALC_PETROLEUM_DEMRESLPG ASM_FUTURE_FINAL_ENERGY ASM_EQUAL_TIMESLICES,,
MAP_PETROLEUM_DEMCOMLPG,RYT.json,TotalAnnualTechnologyActivityLowerLimit=UpperLimit,DEMCOMLPG,1,SC_0,2020-2050,observed 2020-2023; hold 2023 through 2050,PJ/year,CALC_PETROLEUM_DEMCOMLPG ASM_FUTURE_FINAL_ENERGY ASM_EQUAL_TIMESLICES,,
MAP_PETROLEUM_DEMRESKER,RYT.json,TotalAnnualTechnologyActivityLowerLimit=UpperLimit,DEMRESKER,1,SC_0,2020-2050,observed 2020-2023; hold 2023 through 2050,PJ/year,CALC_PETROLEUM_DEMRESKER ASM_FUTURE_FINAL_ENERGY ASM_EQUAL_TIMESLICES,,
MAP_PETROLEUM_DEMTRAKER,RYT.json,TotalAnnualTechnologyActivityLowerLimit=UpperLimit,DEMTRAKER,1,SC_0,2020-2050,observed 2020-2023; hold 2023 through 2050,PJ/year,CALC_PETROLEUM_DEMTRAKER ASM_FUTURE_FINAL_ENERGY ASM_EQUAL_TIMESLICES,,
MAP_SERVICE_DEMAND_RESIDENTIAL_COOKING,RYC.json,SpecifiedAnnualDemand,SRVRESCOOK,,SC_0,2020-2050,observed-carrier service base and assumed growth,service unit,CALC_SERVICE_RESIDENTIAL_COOKING ASM_SERVICE_GROWTH_RESIDENTIAL_COOKING,,
MAP_SERVICE_RATIO_CKRESBIO,RYTCM.json,InputActivityRatio/OutputActivityRatio,CKRESBIO,1,SC_0,2020-2050,engineering efficiency CKRESBIO,carrier/service ratio,ASM_EFFICIENCY_CKRESBIO,,
MAP_SERVICE_RATIO_CKRESLPG,RYTCM.json,InputActivityRatio/OutputActivityRatio,CKRESLPG,1,SC_0,2020-2050,engineering efficiency CKRESLPG,carrier/service ratio,ASM_EFFICIENCY_CKRESLPG,,
MAP_SERVICE_RATIO_CKRESKER,RYTCM.json,InputActivityRatio/OutputActivityRatio,CKRESKER,1,SC_0,2020-2050,engineering efficiency CKRESKER,carrier/service ratio,ASM_EFFICIENCY_CKRESKER,,
MAP_SERVICE_RATIO_CKRESELC,RYTCM.json,InputActivityRatio/OutputActivityRatio,CKRESELC,1,SC_0,2020-2050,engineering efficiency CKRESELC,carrier/service ratio,ASM_EFFICIENCY_CKRESELC,,
MAP_ADOPTION_CKRESELC,RYT.json,TotalAnnualTechnologyActivityUpperLimit,CKRESELC,1,SC_0,2020-2050,piecewise service-share envelope,service unit/year,ASM_ADOPTION_CKRESELC,,
MAP_SERVICE_DEMAND_ROAD_MOBILITY,RYC.json,SpecifiedAnnualDemand,SRVROAD,,SC_0,2020-2050,observed-carrier service base and assumed growth,service unit,CALC_SERVICE_ROAD_MOBILITY ASM_SERVICE_GROWTH_ROAD_MOBILITY,,
MAP_SERVICE_RATIO_MOBROADGSL,RYTCM.json,InputActivityRatio/OutputActivityRatio,MOBROADGSL,1,SC_0,2020-2050,engineering efficiency MOBROADGSL,carrier/service ratio,ASM_EFFICIENCY_MOBROADGSL,,
MAP_SERVICE_RATIO_MOBROADDSL,RYTCM.json,InputActivityRatio/OutputActivityRatio,MOBROADDSL,1,SC_0,2020-2050,engineering efficiency MOBROADDSL,carrier/service ratio,ASM_EFFICIENCY_MOBROADDSL,,
MAP_SERVICE_RATIO_MOBROADELC,RYTCM.json,InputActivityRatio/OutputActivityRatio,MOBROADELC,1,SC_0,2020-2050,engineering efficiency MOBROADELC,carrier/service ratio,ASM_EFFICIENCY_MOBROADELC,,
MAP_ADOPTION_MOBROADELC,RYT.json,TotalAnnualTechnologyActivityUpperLimit,MOBROADELC,1,SC_0,2020-2050,piecewise service-share envelope,service unit/year,ASM_ADOPTION_MOBROADELC,,
MAP_SERVICE_DEMAND_DOMESTIC_AVIATION,RYC.json,SpecifiedAnnualDemand,SRVAVIATION,,SC_0,2020-2050,observed-carrier service base and assumed growth,service unit,CALC_SERVICE_DOMESTIC_AVIATION ASM_SERVICE_GROWTH_DOMESTIC_AVIATION,,
MAP_SERVICE_RATIO_MOBAVIKER,RYTCM.json,InputActivityRatio/OutputActivityRatio,MOBAVIKER,1,SC_0,2020-2050,engineering efficiency MOBAVIKER,carrier/service ratio,ASM_EFFICIENCY_MOBAVIKER,,
MAP_SERVICE_DEMAND_DOMESTIC_NAVIGATION,RYC.json,SpecifiedAnnualDemand,SRVNAV,,SC_0,2020-2050,observed-carrier service base and assumed growth,service unit,CALC_SERVICE_DOMESTIC_NAVIGATION ASM_SERVICE_GROWTH_DOMESTIC_NAVIGATION,,
MAP_SERVICE_RATIO_MOBNAVGSL,RYTCM.json,InputActivityRatio/OutputActivityRatio,MOBNAVGSL,1,SC_0,2020-2050,engineering efficiency MOBNAVGSL,carrier/service ratio,ASM_EFFICIENCY_MOBNAVGSL,,
MAP_SERVICE_RATIO_MOBNAVDSL,RYTCM.json,InputActivityRatio/OutputActivityRatio,MOBNAVDSL,1,SC_0,2020-2050,engineering efficiency MOBNAVDSL,carrier/service ratio,ASM_EFFICIENCY_MOBNAVDSL,,
MAP_SERVICE_RATIO_MOBNAVELC,RYTCM.json,InputActivityRatio/OutputActivityRatio,MOBNAVELC,1,SC_0,2020-2050,engineering efficiency MOBNAVELC,carrier/service ratio,ASM_EFFICIENCY_MOBNAVELC,,
MAP_ADOPTION_MOBNAVELC,RYT.json,TotalAnnualTechnologyActivityUpperLimit,MOBNAVELC,1,SC_0,2020-2050,piecewise service-share envelope,service unit/year,ASM_ADOPTION_MOBNAVELC,,
MAP_SERVICE_DEMAND_RAIL_MOBILITY,RYC.json,SpecifiedAnnualDemand,SRVRAIL,,SC_0,2020-2050,observed-carrier service base and assumed growth,service unit,CALC_SERVICE_RAIL_MOBILITY ASM_SERVICE_GROWTH_RAIL_MOBILITY,,
MAP_SERVICE_RATIO_MOBRAILDSL,RYTCM.json,InputActivityRatio/OutputActivityRatio,MOBRAILDSL,1,SC_0,2020-2050,engineering efficiency MOBRAILDSL,carrier/service ratio,ASM_EFFICIENCY_MOBRAILDSL,,
MAP_SERVICE_RATIO_MOBRAILELC,RYTCM.json,InputActivityRatio/OutputActivityRatio,MOBRAILELC,1,SC_0,2020-2050,engineering efficiency MOBRAILELC,carrier/service ratio,ASM_EFFICIENCY_MOBRAILELC,,
MAP_ADOPTION_MOBRAILELC,RYT.json,TotalAnnualTechnologyActivityUpperLimit,MOBRAILELC,1,SC_0,2020-2050,piecewise service-share envelope,service unit/year,ASM_ADOPTION_MOBRAILELC,,
MAP_SERVICE_DEMAND_INDUSTRIAL_PROCESS_HEAT,RYC.json,SpecifiedAnnualDemand,SRVINDHEAT,,SC_0,2020-2050,observed-carrier service base and assumed growth,service unit,CALC_SERVICE_INDUSTRIAL_PROCESS_HEAT ASM_SERVICE_GROWTH_INDUSTRIAL_PROCESS_HEAT,,
MAP_SERVICE_RATIO_HTINDDSL,RYTCM.json,InputActivityRatio/OutputActivityRatio,HTINDDSL,1,SC_0,2020-2050,engineering efficiency HTINDDSL,carrier/service ratio,ASM_EFFICIENCY_HTINDDSL,,
MAP_SERVICE_RATIO_HTINDHFO,RYTCM.json,InputActivityRatio/OutputActivityRatio,HTINDHFO,1,SC_0,2020-2050,engineering efficiency HTINDHFO,carrier/service ratio,ASM_EFFICIENCY_HTINDHFO,,
MAP_SERVICE_RATIO_HTINDBIO,RYTCM.json,InputActivityRatio/OutputActivityRatio,HTINDBIO,1,SC_0,2020-2050,engineering efficiency HTINDBIO,carrier/service ratio,ASM_EFFICIENCY_HTINDBIO,,
MAP_SERVICE_RATIO_HTINDLPG,RYTCM.json,InputActivityRatio/OutputActivityRatio,HTINDLPG,1,SC_0,2020-2050,engineering efficiency HTINDLPG,carrier/service ratio,ASM_EFFICIENCY_HTINDLPG,,
MAP_SERVICE_RATIO_HTINDKER,RYTCM.json,InputActivityRatio/OutputActivityRatio,HTINDKER,1,SC_0,2020-2050,engineering efficiency HTINDKER,carrier/service ratio,ASM_EFFICIENCY_HTINDKER,,
MAP_SERVICE_RATIO_HTINDELC,RYTCM.json,InputActivityRatio/OutputActivityRatio,HTINDELC,1,SC_0,2020-2050,engineering efficiency HTINDELC,carrier/service ratio,ASM_EFFICIENCY_HTINDELC,,
MAP_ADOPTION_HTINDELC,RYT.json,TotalAnnualTechnologyActivityUpperLimit,HTINDELC,1,SC_0,2020-2050,piecewise service-share envelope,service unit/year,ASM_ADOPTION_HTINDELC,,
MAP_SERVICE_DEMAND_COMMERCIAL_PUBLIC_HEAT,RYC.json,SpecifiedAnnualDemand,SRVCOMHEAT,,SC_0,2020-2050,observed-carrier service base and assumed growth,service unit,CALC_SERVICE_COMMERCIAL_PUBLIC_HEAT ASM_SERVICE_GROWTH_COMMERCIAL_PUBLIC_HEAT,,
MAP_SERVICE_RATIO_HTCOMLPG,RYTCM.json,InputActivityRatio/OutputActivityRatio,HTCOMLPG,1,SC_0,2020-2050,engineering efficiency HTCOMLPG,carrier/service ratio,ASM_EFFICIENCY_HTCOMLPG,,
MAP_SERVICE_RATIO_HTCOMBIO,RYTCM.json,InputActivityRatio/OutputActivityRatio,HTCOMBIO,1,SC_0,2020-2050,engineering efficiency HTCOMBIO,carrier/service ratio,ASM_EFFICIENCY_HTCOMBIO,,
MAP_SERVICE_RATIO_HTCOMDSL,RYTCM.json,InputActivityRatio/OutputActivityRatio,HTCOMDSL,1,SC_0,2020-2050,engineering efficiency HTCOMDSL,carrier/service ratio,ASM_EFFICIENCY_HTCOMDSL,,
MAP_SERVICE_RATIO_HTCOMKER,RYTCM.json,InputActivityRatio/OutputActivityRatio,HTCOMKER,1,SC_0,2020-2050,engineering efficiency HTCOMKER,carrier/service ratio,ASM_EFFICIENCY_HTCOMKER,,
MAP_SERVICE_RATIO_HTCOMELC,RYTCM.json,InputActivityRatio/OutputActivityRatio,HTCOMELC,1,SC_0,2020-2050,engineering efficiency HTCOMELC,carrier/service ratio,ASM_EFFICIENCY_HTCOMELC,,
MAP_ADOPTION_HTCOMELC,RYT.json,TotalAnnualTechnologyActivityUpperLimit,HTCOMELC,1,SC_0,2020-2050,piecewise service-share envelope,service unit/year,ASM_ADOPTION_HTCOMELC,,
MAP_SERVICE_DEMAND_AGRICULTURE_MOTIVE_HEAT,RYC.json,SpecifiedAnnualDemand,SRVAGR,,SC_0,2020-2050,observed-carrier service base and assumed growth,service unit,CALC_SERVICE_AGRICULTURE_MOTIVE_HEAT ASM_SERVICE_GROWTH_AGRICULTURE_MOTIVE_HEAT,,
MAP_SERVICE_RATIO_MOTAGRDSL,RYTCM.json,InputActivityRatio/OutputActivityRatio,MOTAGRDSL,1,SC_0,2020-2050,engineering efficiency MOTAGRDSL,carrier/service ratio,ASM_EFFICIENCY_MOTAGRDSL,,
MAP_SERVICE_RATIO_MOTAGRELC,RYTCM.json,InputActivityRatio/OutputActivityRatio,MOTAGRELC,1,SC_0,2020-2050,engineering efficiency MOTAGRELC,carrier/service ratio,ASM_EFFICIENCY_MOTAGRELC,,
MAP_ADOPTION_MOTAGRELC,RYT.json,TotalAnnualTechnologyActivityUpperLimit,MOTAGRELC,1,SC_0,2020-2050,piecewise service-share envelope,service unit/year,ASM_ADOPTION_MOTAGRELC,,
MAP_PRICE_IMPHFO,RYTM.json,VariableCost,IMPHFO,1,SC_0,2020-2050,16.2,USD/GJ,ASM_PRICE_IMPHFO,,
MAP_PRICE_IMPDSL,RYTM.json,VariableCost,IMPDSL,1,SC_0,2020-2050,20.0,USD/GJ,ASM_PRICE_IMPDSL,,
MAP_PRICE_IMPKER,RYTM.json,VariableCost,IMPKER,1,SC_0,2020-2050,20.0,USD/GJ,ASM_PRICE_IMPKER,,
MAP_PRICE_IMPGSL,RYTM.json,VariableCost,IMPGSL,1,SC_0,2020-2050,21.0,USD/GJ,ASM_PRICE_IMPGSL,,
MAP_PRICE_IMPLPG,RYTM.json,VariableCost,IMPLPG,1,SC_0,2020-2050,22.0,USD/GJ,ASM_PRICE_IMPLPG,,
MAP_PRICE_RNWBIO,RYTM.json,VariableCost,RNWBIO,1,SC_0,2020-2050,6.0,USD/GJ,ASM_PRICE_RNWBIO,,
MAP_RETIRED_DEMCOMNGS,genData.json,technology membership,DEMCOMNGS,,SC_0,retired 2026-07-29,removed after zero-demand/zero-activity topology proof,structural,SRC_FIJI_V25_CASE,CHG_PHASE1K_TOPOLOGY,
MAP_RETIRED_DEMINDCOA,genData.json,technology membership,DEMINDCOA,,SC_0,retired 2026-07-29,removed after zero-demand/zero-activity topology proof,structural,SRC_FIJI_V25_CASE,CHG_PHASE1K_TOPOLOGY,
MAP_RETIRED_DEMINDNGS,genData.json,technology membership,DEMINDNGS,,SC_0,retired 2026-07-29,removed after zero-demand/zero-activity topology proof,structural,SRC_FIJI_V25_CASE,CHG_PHASE1K_TOPOLOGY,
MAP_RETIRED_DEMRESNGS,genData.json,technology membership,DEMRESNGS,,SC_0,retired 2026-07-29,removed after zero-demand/zero-activity topology proof,structural,SRC_FIJI_V25_CASE,CHG_PHASE1K_TOPOLOGY,
MAP_RETIRED_DEMTRAHFO,genData.json,technology membership,DEMTRAHFO,,SC_0,retired 2026-07-29,removed after zero-demand/zero-activity topology proof,structural,SRC_FIJI_V25_CASE,CHG_PHASE1K_TOPOLOGY,
MAP_RETIRED_DEMTRANGS,genData.json,technology membership,DEMTRANGS,,SC_0,retired 2026-07-29,removed after zero-demand/zero-activity topology proof,structural,SRC_FIJI_V25_CASE,CHG_PHASE1K_TOPOLOGY,
MAP_RETIRED_RNWGEO,genData.json,technology membership,RNWGEO,,SC_0,retired 2026-07-29,removed after zero-demand/zero-activity topology proof,structural,SRC_FIJI_V25_CASE,CHG_PHASE1K_TOPOLOGY,
MAP_RETIRED_RNWHYD,genData.json,technology membership,RNWHYD,,SC_0,retired 2026-07-29,removed after zero-demand/zero-activity topology proof,structural,SRC_FIJI_V25_CASE,CHG_PHASE1K_TOPOLOGY,
MAP_RETIRED_RNWSOL,genData.json,technology membership,RNWSOL,,SC_0,retired 2026-07-29,removed after zero-demand/zero-activity topology proof,structural,SRC_FIJI_V25_CASE,CHG_PHASE1K_TOPOLOGY,
MAP_RETIRED_RNWWND,genData.json,technology membership,RNWWND,,SC_0,retired 2026-07-29,removed after zero-demand/zero-activity topology proof,structural,SRC_FIJI_V25_CASE,CHG_PHASE1K_TOPOLOGY,
MAP_PRECIP_SSP245_IAR,RYTCM.json,InputActivityRatio,26 national LND...TOT technologies,1,SC_0,2020-2050,2020 full-precision coefficient * annual SSP2-4.5 multiplier,km3 per 1000 km2,CALC_PRECIP_SSP245_IAR CALC_PRECIP_SSP245_ANNUAL,,WTRPRCFJI input; 104 climate-linked rows are source-diff allowlisted together with the three hydrology outputs.
MAP_HYDROLOGY_SSP245_OAR,RYTCM.json,OutputActivityRatio,26 national LND...TOT technologies,1,SC_0,2020-2050,2020 full-precision coefficients * annual SSP2-4.5 multiplier for WTREVTFJI WTRGRCFJI WTRSURFJI,km3 per 1000 km2,CALC_HYDROLOGY_SSP245_OAR CALC_PRECIP_SSP245_ANNUAL,,Preserves the inherited ET/recharge/runoff partition.
MAP_ENV_WATER_SSP245_CLOSURE,RYTCn.json,UserConstraintActivityMultiplier,ENV_WATER_CLOSURE,,SC_0,2020-2050,recomputed annual net water OAR-IAR coefficients,dimensionless,CALC_ENV_WATER_SSP245_CLOSURE,,Supersedes the constant land-technology values represented by MAP_ENV_WATER_CLOSURE for the climate-linked years.
MAP_PRECIP_SSP245_MANIFEST,precipitation_ssp245_manifest.json,complete active source file,precipitation_ssp245_manifest.json,,SC_0,2020-2050,"source anchors, annual multipliers, base ratios, equation mapping, fingerprints and validation design",mixed model units,SRC_WB_CCKP_CMIP6_FJI_PR CALC_PRECIP_SSP245_ANNUAL CALC_ENV_WATER_SSP245_CLOSURE,,Generated reproducibly by scripts/apply_fiji_v26_ssp245_precipitation.py.
MAP_FILE_PRECIPITATION_SSP245_SOURCE_JSON,precipitation_ssp245_source.json,complete active source file,precipitation_ssp245_source.json,,SC_0,2020-2050,"CCKP API values, URLs, scenario mapping and limitations",mixed climate-data units,SRC_WB_CCKP_CMIP6_FJI_PR SRC_COPERNICUS_CMIP6_SCENARIOS SRC_FMS_FIJI_CLIMATE_PROJECTIONS,,Immutable copy of scripts/data/fiji_v26_precipitation_ssp245.json installed with the case.
MAP_FILE_VALIDATION_SSP245_DISPOSABLE_JSON,validation_ssp245_disposable.json,validation evidence,validation_ssp245_disposable.json,,SC_0,2020-2050,pre-promotion fresh control/candidate validation,status and model units,SRC_FIJI_V26_SSP245_VALIDATION,,Unique disposable evidence retained after live promotion.
MAP_FILE_VALIDATION_SSP245_LIVE_JSON,validation_ssp245_live.json,validation evidence,validation_ssp245_live.json,,SC_0,2020-2050,post-promotion in-place application generation and solver validation,status and model units,SRC_FIJI_V26_SSP245_VALIDATION,,Authoritative current result identity and regression report.
MAP_PRECIP_SSP245_SOLVED_ACTIVITY,validation_ssp245_live.json,validated TotalAnnualTechnologyActivity,MINPRCFJI,1,SC_0,2020-2050,national land area * annual precipitation IAR; 2020=46.59465 2030=45.77778215255981 2050=45.82591754477356,km3/year,CALC_PRECIP_SSP245_NATIONAL SRC_FIJI_V26_SSP245_VALIDATION,,Solver result agrees with the deterministic benchmark within exported CSV precision.
MAP_FSH_STRUCTURE,genData.json,TECHNOLOGY; COMMODITY; TGROUP,seven Fisheries technologies; three Fisheries service commodities; TG_fisheries,,SC_0,2020-2050,"non-forcing capture, aquaculture and post-harvest service architecture",sets,SRC_FSH_FIJI_V26 CALC_FSH_SOLVER_VALIDATION,,Added structurally through UpdateCase before source-parameter overlays.
MAP_FSH_DEMAND_CAPTURE,RYC.json,SAD,COM_fsh_cap,,SC_0,2020-2050,0.033508266 flat,PJ useful service,CALC_FSH_CAPTURE_SERVICE ASM_FSH_CAPTURE_FLAT,CHG_FSH_POP_TRADE_V29,Final demand rather than a technology activity pin.
MAP_FSH_DEMAND_AQUACULTURE,RYC.json,SAD,COM_fsh_aq,,SC_0,2020-2050,0.000005841963*1.05^(year-2020),PJ useful service,CALC_FSH_AQ_SERVICE ASM_FSH_AQ_GROWTH,CHG_FSH_POP_TRADE_V29,Analytical central path; the plan target remains benchmark-only.
MAP_FSH_DEMAND_POSTHARVEST,RYC.json,SAD,COM_fsh_post,,SC_0,2020-2050,0.019242795528 flat,PJ useful service,CALC_FSH_POST_SERVICE ASM_FSH_POST_FLAT,CHG_FSH_POP_TRADE_V29,Combined cold-chain and processing service.
MAP_FSH_RATIOS,RYTCM.json,IAR; OAR,all seven Fisheries technologies and their carrier/service commodities,1,SC_0,2020-2050,carrier efficiencies; normalized service output; process-water ratio,PJ/PJ and km3/PJ,CALC_FSH_CAPTURE_SERVICE CALC_FSH_AQ_SERVICE CALC_FSH_POST_SERVICE CALC_FSH_POST_WATER,,Each technology has mode 1 only.
MAP_FSH_RESIDUAL_CAPACITY,RYT.json,RC,TEC_fsh_cap_dsl; TEC_fsh_aq_ele; TEC_fsh_post_ele; TEC_fsh_post_dsl; TEC_fsh_post_sol,,SC_0,2020-2034,uniform-age retirement series,PJ service/year,CALC_FSH_RESIDUAL_STOCKS ASM_FSH_LIVES,,No pre-2020 stock is asserted for electric capture or diesel aquaculture.
MAP_FSH_COSTS,RYT.json,CC; FC,all seven Fisheries technologies,,SC_0,2020-2050,technology-specific proxy schedules,million USD/PJ/year and million USD/PJ/year/year,CALC_FSH_SOLVER_VALIDATION ASM_FSH_CAPEX,,High-uncertainty screening values; carrier costs remain upstream.
MAP_FSH_OPEN_BOUNDS,RYT.json,TAL; TAU; TAMinC; TAMaxC; TAMinCI; TAMaxCI,all seven Fisheries technologies,,SC_0,2020-2050,0; 999999; 0; 999999; 0; 999999,model units,SRC_FSH_FIJI_V26 CALC_FSH_SOLVER_VALIDATION,,No exact activity pin positive minimum share staged opening or UDC.
MAP_FSH_LIFE_CAU,RT.json,OL; CAU,all seven Fisheries technologies,,SC_0,2020-2050,lives 10-15 years; CAU=1,years and activity/capacity-year,ASM_FSH_LIVES CALC_FSH_RESIDUAL_STOCKS,,Technology capacity is expressed in useful-service output per year.
MAP_FSH_CO2,RYTEM.json,EAR,TEC_fsh_cap_dsl; TEC_fsh_aq_dsl; TEC_fsh_post_dsl,1,SC_0,2020-2050,0.247; 0.247; 0.092625,Mt CO2/PJ service,SRC_FSH_UNSD_DSD ASM_FSH_CAPTURE_EFF ASM_FSH_AQ_EFF ASM_FSH_POST_MIX_EFF,,Direct combustion only; electricity emissions remain upstream.
MAP_FSH_BOUNDARY_RYC,RYC.json,SAD,COM_x6kh9; COM_sb105; COM_9ek33; COM_3drm3; COM_mmv3k,,SC_0,2020-2050,baseline minus Fisheries amounts,model units,CALC_FSH_BOUNDARY SRC_FSH_FIJI_V26,,Every subtraction is checked against the frozen v2.6 source.
MAP_FSH_BOUNDARY_RYT,RYT.json,TAL; TAU,TEC_s2z92; TEC_tfgsb,,SC_0,2020-2023,existing observed-year pins minus disaggregated diesel activity,PJ activity,CALC_FSH_BOUNDARY SRC_FSH_FIJI_V26,,Only inherited aggregate pins change; Fisheries technologies remain open.
MAP_FSH_VALIDATION,validation/control_candidate_comparison.json,validation evidence,Fiji_v2.7 Fisheries,,SC_0,2020-2050,deterministic checks; non-forcing audit; matrix check; bounded and normal CBC; unchanged-control comparison,status,CALC_FSH_SOLVER_VALIDATION,,Live and disposable source files are byte-identical and generated data hashes match.
MAP_FSH_MANIFEST,fisheries_v27_manifest.json,complete active source file,fisheries_v27_manifest.json,,SC_0,2020-2050,source inputs; formulas; boundary subtractions; technology definitions; full-precision generated schedules,mixed model units,CALC_FSH_BOUNDARY CALC_FSH_RESIDUAL_STOCKS,,Installed in the live case and portable archive.
MAP_CONFIG,config/config.yaml,country package configuration,Fiji_v2.9,,SC_0,2020-2050,country=Fiji; iso3=FJI; case=Fiji_v2.9; live_case=WebAPP/DataStorage/Fiji_v2.9,configuration,SRC_FIJI_V28_SOLVED CALC_FISH_V29_SOLVER_VALIDATION,,Configuration identifies the promoted live v2.9 case and its immediate v2.8 lineage.
MAP_FSH_POLICY_BENCHMARK,fisheries_v27_manifest.json,benchmark-only evidence,Fiji aquaculture and fisheries policy targets,,SC_0,2024-2029,retained for validation and future scenarios; not imposed as an activity or capacity constraint,benchmark,SRC_FSH_FIJI_POLICY2024_28 SRC_FSH_FIJI_SDP2019_29,,Separates policy ambition from the central analytical trajectory.
MAP_FSH_ICE_BENCHMARK,fisheries_v27_manifest.json,benchmark-only evidence,FAO small-scale fisheries ice demand,,SC_0,2020-2050,retained as an upgrade benchmark; no additional ice tonnage imposed without Fiji landing-site throughput evidence,benchmark,SRC_FSH_FAO_ICE,,Avoids silently expanding the modeled post-harvest boundary.
MAP_CROP_V28_STRUCTURE,genData.json,osy-tech additions; no commodity additions,TEC_imp_crop_cas; TEC_imp_crop_yam; TEC_imp_crop_con; TEC_imp_crop_oth; TEC_imp_sugar_fji,1,SC_0,2020-2050,five import accounting backstops producing existing CRPCAS CRPYAM CRPCON CRPOTH SGCPROCFJI,Mt activity; Mt/year capacity,CALC_CROP_V28_IMPORTS_2025 ASM_CROP_IMPORT_BACKSTOP,,Names: IMPCRPCAS IMPCRPYAM IMPCRPCON IMPCRPOTH IMPSUGFJI; existing commodity IDs are retained.
MAP_CROP_V28_FINAL_DEMAND,RYC.json,AAD,COM_nj0y1; COM_kdi0c; COM_u8mne; COM_hqpyh; COM_phase1d_sgcproc,,SC_0,2020-2050,CALC_CROP_V28_FINAL_DEMAND,Mt/year,CALC_CROP_V28_FINAL_DEMAND,,Resident food plus exports; tourism excluded. SGCPROCFJI is cane-throughput equivalent.
MAP_CROP_V28_IMPORT_FLOOR,RYT.json,TAL,TEC_imp_crop_cas; TEC_imp_crop_yam; TEC_imp_crop_con; TEC_imp_crop_oth; TEC_imp_sugar_fji,,SC_0,2020-2050,CALC_CROP_V28_IMPORT_FLOOR,Mt/year activity,CALC_CROP_V28_IMPORT_FLOOR,,A lower limit only; TAU remains open.
MAP_CROP_V28_IMPORT_ENVELOPES,RYT.json,COTU; TAU; TAMinCI; TAMinC; TAMaxCI; TAMaxC; RC; FC; CC; AF,TEC_imp_crop_cas; TEC_imp_crop_yam; TEC_imp_crop_con; TEC_imp_crop_oth; TEC_imp_sugar_fji,,SC_0,2020-2050,open one-year accounting backstops: zero minima/residual/fixed/capital cost; host-open maxima; AF=1,mixed activity/capacity units,ASM_CROP_IMPORT_BACKSTOP,,
MAP_CROP_V28_LIFE_CAU,RT.json,OL; CAU,TEC_imp_crop_cas; TEC_imp_crop_yam; TEC_imp_crop_con; TEC_imp_crop_oth; TEC_imp_sugar_fji,,SC_0,2020-2050,OL=1; CAU=1,year; Mt/year per capacity unit,ASM_CROP_IMPORT_BACKSTOP,,
MAP_CROP_V28_OUTPUT_RATIOS,RYTCM.json,OAR; IAR,TEC_imp_crop_cas; TEC_imp_crop_yam; TEC_imp_crop_con; TEC_imp_crop_oth; TEC_imp_sugar_fji,1,SC_0,2020-2050,OAR=1 to the mapped existing crop commodity; no input commodity,Mt commodity/Mt activity,ASM_CROP_IMPORT_BACKSTOP ASM_CROP_COCONUT_ONE_TO_ONE ASM_CROP_RICE_PADDY_EQUIV ASM_CROP_SUGAR_CANE_EQUIV,,
MAP_CROP_V28_MODE_COST,RYTM.json,VC; TADML; TAIML; TAMLL; TAMUL,TEC_imp_crop_cas; TEC_imp_crop_yam; TEC_imp_crop_con; TEC_imp_crop_oth; TEC_imp_sugar_fji,1,SC_0,2020-2050,VC=10; mode minima zero; mode upper open,million USD/Mt; activity,CALC_CROP_V28_IMPORT_VC,,
MAP_CROP_V28_TIMESLICES,RYTTs.json,CF,TEC_imp_crop_cas; TEC_imp_crop_yam; TEC_imp_crop_con; TEC_imp_crop_oth; TEC_imp_sugar_fji,,SC_0,2020-2050,1 in each timeslice,fraction,ASM_CROP_IMPORT_BACKSTOP,,
MAP_CROP_V28_INPUT_SNAPSHOT,data_sources/snapshots/fiji_v28_population_crop_trade.json,complete evidence snapshot,Fiji crop population food and trade inputs,,SC_0,2020-2050,source observations; HS rows; conversion assumptions; population; policy,mixed,CALC_CROP_V28_FINAL_DEMAND CALC_CROP_V28_IMPORT_FLOOR,,
MAP_CROP_V28_MANIFEST,model/inputs/population_crop_trade_v28_manifest.json,complete active supporting record,Fiji_v2.8 population crop trade,,SC_0,2020-2050,full annual demand/import/export series; classifications; equation map; validation,mixed,CALC_CROP_V28_FINAL_DEMAND CALC_CROP_V28_IMPORT_FLOOR CALC_CROP_V28_SOLVER_VALIDATION,,
MAP_CROP_V28_VALIDATION,validation/population_crop_trade_v28_final.json,validation evidence,Fiji_v2.8,,SC_0,2020-2050,deterministic + generation + GLPK + CBC + control + identity/timestamp checks,status,CALC_CROP_V28_SOLVER_VALIDATION,,
MAP_CROP_V28_DROUGHT_VALIDATION,validation/population_crop_trade_v28_final.json,95 percent domestic crop production-loss diagnostic,five crop groups,,diagnostic only,2020;2025;2050,imports rise to meet unchanged demand,Mt,CALC_CROP_V28_DROUGHT_VALIDATION,,
MAP_FISH_V29_STRUCTURE,genData.json,osy-comm; osy-tech additions,COM_fsh_raw; COM_fsh_food; TEC_fsh_cap_harv; TEC_fsh_aq_harv; TEC_fsh_post_prc; TEC_imp_fsh_food,1,SC_0,2020-2050,FSHRAW and FSHFOOD plus capture/aquaculture/post mass links and IMPFSHFOOD,Mt; Mt/year,CALC_FISH_V29_FINAL_DEMAND CALC_FISH_V29_CAPTURE_INTENSITY CALC_FISH_V29_AQUACULTURE_INTENSITY CALC_FISH_V29_POST_INTENSITY ASM_FISH_IMPORT_BACKSTOP,,
MAP_FISH_V29_FINAL_DEMAND,RYC.json,AAD; SAD,COM_fsh_food,,SC_0,2020-2050,AAD=CALC_FISH_V29_FINAL_DEMAND; SAD=0,Mt/year; Mt/timeslice,CALC_FISH_V29_FINAL_DEMAND,,
MAP_FISH_V29_SERVICE_DEMAND_REMOVAL,RYC.json,AAD; SAD,COM_fsh_cap; COM_fsh_aq; COM_fsh_post; COM_fsh_raw,,SC_0,2020-2050,zero final demand; services and raw fish become intermediate commodities pulled by mass links,PJ/year; Mt/year,CALC_FISH_V29_FINAL_DEMAND CALC_FISH_V29_CAPTURE_INTENSITY CALC_FISH_V29_AQUACULTURE_INTENSITY CALC_FISH_V29_POST_INTENSITY,,
MAP_FISH_V29_IMPORT_FLOOR,RYT.json,TAL,TEC_imp_fsh_food,,SC_0,2020-2050,CALC_FISH_V29_IMPORT_FLOOR,Mt/year activity,CALC_FISH_V29_IMPORT_FLOOR,,
MAP_FISH_V29_ACTIVITY_CAPACITY,RYT.json,COTU; TAU; TAMinCI; TAMinC; TAMaxCI; TAMaxC; RC; FC; CC; AF,TEC_fsh_cap_harv; TEC_fsh_aq_harv; TEC_fsh_post_prc; TEC_imp_fsh_food,,SC_0,2020-2050,"one-year accounting capacities; capture/aquaculture TAU use sourced ceilings; TAL only constrains imports; CC=1e-6; AF=1",mixed activity/capacity units,ASM_FISH_IMPORT_BACKSTOP ASM_FISH_ACCOUNTING_CAPACITY ASM_FISH_CAPTURE_SCREENING_CEILING ASM_FISH_AQUACULTURE_PROGRAMME_CEILING ASM_FISH_NO_PRODUCTION_FLOOR,,
MAP_FISH_V29_LIFE_CAU,RT.json,OL; CAU,TEC_fsh_cap_harv; TEC_fsh_aq_harv; TEC_fsh_post_prc; TEC_imp_fsh_food,,SC_0,2020-2050,OL=1; CAU=1,year; Mt/year per capacity unit,ASM_FISH_ACCOUNTING_CAPACITY,,
MAP_FISH_V29_MASS_RATIOS,RYTCM.json,IAR; OAR,TEC_fsh_cap_harv; TEC_fsh_aq_harv; TEC_fsh_post_prc; TEC_imp_fsh_food,1,SC_0,2020-2050,capture IAR=1.4161813110181312 PJ/Mt; aquaculture IAR=1.35; post IAR=1 FSHRAW + 0.8131218816039891 PJ/Mt; all mass OAR=1,PJ/Mt; Mt/Mt,CALC_FISH_V29_CAPTURE_INTENSITY CALC_FISH_V29_AQUACULTURE_INTENSITY CALC_FISH_V29_POST_INTENSITY ASM_FISH_RAW_FOOD_ONE_TO_ONE,,
MAP_FISH_V29_MODE_COST,RYTM.json,VC; TADML; TAIML; TAMLL; TAMUL,TEC_fsh_cap_harv; TEC_fsh_aq_harv; TEC_fsh_post_prc; TEC_imp_fsh_food,1,SC_0,2020-2050,IMPFSHFOOD VC=200; other mass-link VC=0; mode minima zero; mode upper open,million USD/Mt; activity,CALC_FISH_V29_IMPORT_VC,,
MAP_FISH_V29_TIMESLICES,RYTTs.json,CF,TEC_fsh_cap_harv; TEC_fsh_aq_harv; TEC_fsh_post_prc; TEC_imp_fsh_food,,SC_0,2020-2050,1 in each timeslice,fraction,ASM_FISH_ACCOUNTING_CAPACITY,,
MAP_FISH_V29_INPUT_SNAPSHOT,data_sources/snapshots/fiji_v29_population_fisheries_trade.json,complete evidence snapshot,Fiji fish population food trade and service inputs,,SC_0,2020-2050,source observations; HS rows; population; service calibration; policy,mixed,CALC_FISH_V29_FINAL_DEMAND CALC_FISH_V29_IMPORT_FLOOR CALC_FISH_V29_CAPTURE_INTENSITY CALC_FISH_V29_AQUACULTURE_INTENSITY CALC_FISH_V29_POST_INTENSITY,,
MAP_FISH_V29_MANIFEST,model/inputs/population_fisheries_trade_v29_manifest.json,complete active supporting record,Fiji_v2.9 population Fisheries trade,,SC_0,2020-2050,full annual demand/import/export series; classifications; equation map; diagnostics; validation,mixed,CALC_FISH_V29_FINAL_DEMAND CALC_FISH_V29_IMPORT_FLOOR CALC_FISH_V29_SOLVER_VALIDATION,,
MAP_FISH_V29_VALIDATION,validation/population_fisheries_trade_v29_final.json,validation evidence,Fiji_v2.9,,SC_0,2020-2050,deterministic + generation + GLPK + CBC + control + mass/service balances + duals + identity/timestamps,status,CALC_FISH_V29_SOLVER_VALIDATION,,
MAP_FISH_V29_CAPTURE_ACTIVITY_CEILING,RYT.json,TAU,TEC_fsh_cap_harv,,SC_0,2020-2050,0.023661,Mt/year,CALC_FISH_V29_CAPTURE_ACTIVITY_CEILING ASM_FISH_CAPTURE_SCREENING_CEILING,CHG_FSH_BOUNDS_V29,Enforced by AAC2_TotalAnnualTechnologyActivityUpperLimit.
MAP_FISH_V29_AQUACULTURE_ACTIVITY_CEILING,RYT.json,TAU,TEC_fsh_aq_harv,,SC_0,2020-2050,"0.000216925 through 2023; 0.000350 0.000530 0.000800 0.001180 0.001450 in 2024-2028; 0.001450 thereafter",Mt/year,CALC_FISH_V29_AQUACULTURE_ACTIVITY_CEILING ASM_FISH_AQUACULTURE_PROGRAMME_CEILING,CHG_FSH_BOUNDS_V29,Enforced by AAC2_TotalAnnualTechnologyActivityUpperLimit.
MAP_FISH_V29_NO_DOMESTIC_PRODUCTION_FLOOR,RYT.json,TAL,TEC_fsh_cap_harv; TEC_fsh_aq_harv,,SC_0,2020-2050,0,Mt/year,ASM_FISH_NO_PRODUCTION_FLOOR,CHG_FSH_BOUNDS_V29,Neither domestic production route is forced.
MAP_FISH_V29_BOUNDS_VALIDATION,validation/fisheries_bounds_v29_final.json,validation evidence,Fiji_v2.9.0,,SC_0,2020-2050,"deterministic + generation + GLPK + bounded/live CBC + control + annual ceilings/balances/duals + identity/timestamps",status,CALC_FISH_V29_BOUNDS_SOLVER_VALIDATION,CHG_FSH_BOUNDS_V29,Final promoted live run Fisheries_Bounds_Table18_v2.9.
MAP_FISH_V29_SHOCK_VALIDATION,validation/population_fisheries_trade_v29_final.json,95 percent domestic fish production-loss diagnostic,FSHCAPHARV; FSHAQHARV; IMPFSHFOOD,,diagnostic only,2020-2050,combined domestic harvest <=5 percent of normal; imports cover the loss,Mt,CALC_FISH_V29_SHOCK_VALIDATION,,
MAP_RAW_LINEAGE_ARCHIVES,data_sources/evidence/v25_lineage/ARCHIVE_MANIFEST.csv,immutable inherited-source archive inventory,Fiji raw build through Fiji_v2.5,,SC_0,2020-2050,two exact retained archives with verified SHA-256 values,archive record,SRC_FIJI_RAW_BUILD_ARCHIVE SRC_FIJI_V25_HANDOFF SRC_FIJI_V25_ARCHIVE_MANIFEST ASM_RAW_BASELINE ASM_RAW_NATIONAL_NODE,,Documentation-only recovery anchor; active model values are unchanged.
MAP_RAW_TIME_SLICES,RYDtb.json,time-slice duration and daypart mapping,Fiji national node,,SC_0,2020-2050,four seasons by three dayparts with equal season duration and declared daypart hours,fraction,CALC_RAW_TIME_SLICES ASM_RAW_SEASONS ASM_RAW_DAYPARTS,,Inherited from the pinned raw country build and carried through Fiji_v2.5.
MAP_RAW_ENERGY_DEFAULTS,genData.json,raw energy-system technology and commodity defaults,Fiji national energy system,,SC_0,2020-2050,pinned upstream defaults subsequently calibrated in documented Fiji phases,mixed,SRC_CLEWS_GLOBAL_PINNED SRC_OSEMOSYS_GLOBAL_PINNED SRC_CLEWSY_PINNED SRC_FIJI_RAW_BUILD_ARCHIVE ASM_RAW_ENERGY_DEFAULTS ASM_RAW_TECH_OPTIONS,,Immediate inherited values remain inspectable in the v2.5 handoff.
MAP_RAW_GAEZ_CACHE,RYTCM.json,crop yield and crop-water coefficients,GAEZ crop technologies and land-water modes,,SC_0,2020-2050,72 selected crop-raster requests plus two bundled base rasters,mixed,SRC_GAEZ_CWD_HIGH_TABLE SRC_GAEZ_CWD_LOW_TABLE SRC_GAEZ_EVT_HIGH_TABLE SRC_GAEZ_EVT_LOW_TABLE SRC_GAEZ_YLD_HIGH_TABLE SRC_GAEZ_YLD_LOW_TABLE SRC_GAEZ_FJI_RASTER_MANIFEST SRC_GAEZ_FJI_BASE_MANIFEST SRC_GAEZ_FJI_LCTYPE_RASTER SRC_GAEZ_FJI_PRC_RASTER CALC_RAW_GAEZ_CACHE ASM_RAW_RCP45 ASM_RAW_CROP_PROXY,,Exact selection rows filenames and URLs are recovered; the 72 temporary raster payload bytes were not retained.
MAP_RAW_FAOSTAT_SELECTION,RYC.json,2020 crop area and production anchors,ten selected Fiji crop records,,SC_0,2020,exact source rows and values retained in the Fiji selection table,ha; tonnes,SRC_FAOSTAT_RAW_HARVESTED SRC_FAOSTAT_RAW_PRODUCTION SRC_FAOSTAT_FJI_RAW_SELECTION CALC_RAW_CROP_MAPPING ASM_RAW_CROP_PROXY,,Selected raw records and fallback mappings are explicit.
MAP_RAW_SSP2_GROWTH,RYC.json,raw population-linked demand growth,Fiji crop demand paths,,SC_0,2021-2050,annual normalized index reconstructed from exact SSP2 workbook row,data index,SRC_SSP2_FJI_WORKBOOK SRC_SSP2_FJI_ROW SRC_SSP2_FJI_ANNUAL CALC_RAW_SSP2_INDEX,,Exact workbook row is data!A553:Y553.
MAP_RAW_LAND_NORMALIZATION,land_allocation_2020.json,land allocation normalization,Fiji land classes,,SC_0,2020,GAEZ land totals normalized to the declared national land area,km2,SRC_FIJI_LAND_AREA SRC_GADM41_FJI SRC_FIJI_RAW_BUILD_ARCHIVE CALC_RAW_LAND_NORMALIZATION ASM_RAW_LAND_AREA ASM_RAW_FOUR_CLUSTERS,,Raw build scripts and summaries are retained in the source archive.
MAP_RAW_RESERVE_PROXY,RYCn.json,reserve-margin user-defined constraint proxy,Fiji electricity supply technologies,,SC_0,2020-2050,declared RHS and technology coefficients,mixed,CALC_RAW_RESERVE_RHS CALC_RAW_RESERVE_LHS ASM_RAW_RESERVE_PROXY,,MUIO compatibility treatment is documented and unchanged.
MAP_RAW_DISCOUNT,R.json,discount rate,Fiji national node,,SC_0,2020-2050,0.10,fraction,CALC_RAW_DISCOUNT ASM_RAW_DISCOUNT,,Inherited raw-build assumption.
MAP_V2_GRID_SUPPLY,RYC.json,grid-electricity final demand,ELCGRID,,SC_0,2020-2050,observed annual electricity supply converted from MWh to PJ,PJ,SRC_FBS_ENERGY_2024 CALC_V2_MWH_TO_PJ ASM_V2_GRID_BOUNDARY,,Original Fiji v2 calibration evidence is retained in the v2.5 handoff.
MAP_V2_FLEET,RYT.json,residual generating capacity,Fiji electricity generation technologies,,SC_0,2020-2050,commissioned fleet capacity by technology,GW,SRC_FBS_ENERGY_2024 CALC_V2_RESIDUAL_CAPACITY ASM_V2_FLEET,,Original Fiji v2 calibration source files and ledgers are retained.
MAP_V2_WIND_AF,RYT.json,wind availability factor,Fiji wind technologies,,SC_0,2020-2050,observed-generation-derived annual availability factor,fraction,SRC_FBS_ENERGY_2024 CALC_V2_WIND_AF ASM_V2_WIND,,Original Fiji v2 calculation chain is retained.
MAP_PUBLIC_WATER_DEMAND,RYC.json,public-water final demand,WTRPUB,,SC_0,2020-2050,reported annual production converted from ML to km3,km3,SRC_FBS_WATER_2024 CALC_PUBLIC_WATER_ML_KM3 ASM_PUBLIC_WATER_BOUNDARY ASM_PUBLIC_WATER_PROFILE,,Phase 1B public-water evidence and scripts are retained in the v2.5 handoff.
MAP_PUBLIC_WATER_IAR,RYTCM.json,public-water process input-output ratios,WTRSUR; WTRPUB,,SC_0,2020-2050,unit-consistent surface-water treatment chain,km3/PJ; km3/km3,SRC_FBS_WATER_2024 CALC_PUBLIC_WATER_SURFACE_IAR CALC_PUBLIC_WATER_UNIT ASM_PUBLIC_WATER_ELECTRICITY,,Phase 1B lineage recovered from the retained handoff.
MAP_PUBLIC_GW_QUARANTINE,RYT.json,groundwater-route availability,Fiji public-water groundwater technologies,,SC_0,2020-2050,quarantined pending defensible Fiji groundwater evidence,status,ASM_PUBLIC_GW_QUARANTINE,,The explicit boundary choice is preserved from Phase 1B.
MAP_ELEC_SECTOR_DEMAND,RYC.json,sectoral electricity demand,commercial; industrial; residential electricity commodities,,SC_0,2020-2050,historical sector split with disclosed future growth rules,PJ,SRC_EFL_2024_EXTRACT SRC_FIJI_MICS_2021 CALC_ELEC_HISTORICAL_SPLIT CALC_ELEC_COMMERCIAL CALC_ELEC_INDUSTRIAL CALC_ELEC_RESIDENTIAL CALC_ELEC_OVERHEAD ASM_ELEC_ACCOUNT_BOUNDARY ASM_ELEC_COM_GROWTH ASM_ELEC_IND_GROWTH ASM_ELEC_RES_PROJECTION ASM_ELEC_OVERHEAD,,Phase 1C source extracts scripts and ledgers are retained in the v2.5 handoff.
MAP_ELEC_SECTOR_PROFILE,RYCTs.json,sectoral electricity load profiles,commercial; industrial; residential electricity commodities,,SC_0,2020-2050,declared sector time-slice profiles,fraction,ASM_ELEC_PROFILE,,Phase 1C profile assumptions are explicit.
MAP_CANE_THROUGHPUT,RYC.json,sugar-cane throughput,CANEFJI,,SC_0,2020-2050,observed mill throughput through 2023 and disclosed future pathway,Mt,SRC_FSC_REPORTS_2021_25 CALC_CANE_HISTORY CALC_CANE_FUTURE ASM_CANE_HISTORY ASM_CANE_FUTURE,,Phase 1D reports and exact calculation scripts are retained in the v2.5 handoff.
MAP_BAGASSE_RATIOS,RYTCM.json,bagasse cogeneration input-output ratios,bagasse and electricity cogeneration technologies,,SC_0,2020-2050,declared bagasse yield and exported-electricity relationship,mixed,SRC_FSC_REPORTS_2021_25 SRC_IRENA_SUGARCANE_2019 CALC_BAGASSE_EXPORT ASM_BAGASSE_EXPORT,,Phase 1D evidence chain recovered.
MAP_BIOMASS_STOCK_SPLIT,RYT.json,residual biomass-generation capacity,bagasse and wood generation technologies,,SC_0,2020-2050,observed aggregate biomass stock split using declared boundary assumptions,GW,SRC_FIJI_REI_IP CALC_BIOMASS_STOCK_SPLIT CALC_WOOD_RESIDUAL ASM_BAGASSE_STOCK ASM_WOOD_RESIDUAL,,Phase 1D retained source files and calculations are available in the handoff.
