source_id,provider,product,edition,reference_period,geography,variable,source_unit,exact_locator,url,access_date,license,sha256,notes,local_file
SRC_FIJI_V25_CASE,UN DESA / EAPD-DRB,MUIOGO Fiji_v2.5 case,v2.5,2020-2050,Fiji,All parameter values inherited unchanged by Fiji_v2.6,mixed model units,WebAPP/DataStorage/Fiji_v2.5/genData.json and R*.json; scenario SC_0,https://github.com/EAPD-DRB/MUIOGO/tree/main/WebAPP/DataStorage/Fiji_v2.5,2026-07-31,Repository license,,Immediate lineage for inherited values. Original upstream evidence is incomplete and is recorded as a gap.
SRC_FIJI_PHASE1F,UN DESA / EAPD-DRB,Fiji Phase 1F thermal-fuel ledger,Phase 1F,2020-2024,Fiji,"Thermal generation, liquid-fuel consumption, delivered price and FX observations",MWh; tonne; FJD/tonne; FJD/USD,WebAPP/DataStorage/Fiji_v2.6/phase1f_thermal_fuel_cost.json / annual_evidence_and_calculations,https://github.com/EAPD-DRB/MUIOGO/blob/main/WebAPP/DataStorage/Fiji_v2.6/phase1f_thermal_fuel_cost.json,2026-07-31,Repository license,,
SRC_EFL_ANNUAL,Energy Fiji Limited,Annual reports,2020-2024 reports,2020-2024,Fiji,"Thermal generation, IDO/HFO consumption and fuel expenditure",MWh; tonne; million FJD,Annual-report generation and fuel tables transcribed in Phase 1F annual_evidence_and_calculations,https://efl.com.fj/annual-reports/,2026-07-31,Government-owned utility publication,,
SRC_RBF_FX,Reserve Bank of Fiji,Exchange-rate statistics,Annual averages,2020-2024,Fiji,Fiji dollars per US dollar,FJD/USD,Annual average FJD per USD values transcribed in Phase 1F annual_evidence_and_calculations,https://www.rbf.gov.fj/statistics/economic-and-financial-statistics/,2026-07-31,Public statistical release,,
SRC_FAOSTAT_CROPS,FAO,FAOSTAT Production: Crops and livestock products,Bulk normalized release,2020-2024,Fiji,Harvested area and production for Fiji crop groups,ha; tonne,Area=Fiji; Element=Area harvested or Production; crop items listed in phase1g_crop_land.json; Years=2020..2024,https://bulks-faostat.fao.org/production/Production_Crops_Livestock_E_All_Data_(Normalized).zip,2026-07-31,FAOSTAT terms of use,,
SRC_FAOSTAT_LAND,FAO,FAOSTAT Inputs/Land Use,Bulk normalized release observed 2026-07-17,2020,Fiji,"Country area, agricultural land, cropland, permanent meadows and pastures, forest, other land, land equipped for irrigation",1000 ha,Area=Fiji; Element=Area; Year=2020; Items=Country area|Agricultural land|Cropland|Permanent meadows and pastures|Forest land|Other land|Land equipped for irrigation,https://bulks-faostat.fao.org/production/Inputs_LandUse_E_All_Data_(Normalized).zip,2026-07-31,FAOSTAT terms of use,,
SRC_IO_LULC_2020,Impact Observatory / Esri,10 m Annual Land Use/Land Cover v2,io-lulc-annual-v02,2020,Fiji,"Built, water and bare land-cover classes",100 m2 pixels,"STAC collection io-lulc-annual-v02; items 60K-2020,60L-2020,01K-2020,01L-2020; asset map; classes 1 water, 7 built, 8 bare",https://planetarycomputer.microsoft.com/api/stac/v1/collections/io-lulc-annual-v02,2026-07-31,Esri/Impact Observatory data terms,,
SRC_FIJI_ADM0,Fiji Bureau of Statistics / PCRAFI via HDX,Fiji administrative boundaries,COD-AB,current boundary used for 2020 raster clip,Fiji,ADM0 national boundary,geometry,HDX dataset cod-ab-fji; resource fji_polbnda_adm0_country.zip; ADM0 feature,https://data.humdata.org/dataset/cod-ab-fji,2026-07-31,HDX dataset license,,
SRC_FIJI_AG_CENSUS,Fiji Ministry of Agriculture,2020 Fiji Agriculture Census Volume I,2020,2020,Fiji,Farm area and agricultural land cross-check,ha,Descriptive Analysis and General Table Report; national farm/agricultural-area tables,https://www.agriculture.gov.fj/documents/census/VOLUMEI_DESCRIPTIVEANALYSISANDGENERALTABLEREPORT.pdf,2026-07-31,Government publication,,
SRC_FIJI_FORESTRY,Fiji Ministry of Forestry,Annual Report 2020-2021,2020-2021,2020-2021,Fiji,Forest-area contextual cross-check,ha,National forestry area/context tables,https://www.forestry.gov.fj/docs/ar/MOF%20Annual%20Report%202020%20-%202021%20Final%20Print%20File_FINAL.pdf,2026-07-31,Government publication,,
SRC_UNSD_ENERGY,United Nations Statistics Division,UNSD Energy Statistics Database,API extract prepared 2026-07-29,2020-2024,Fiji,Road and sectoral petroleum quantities by product and transaction,10^3 tonne,"Area=Fiji; products 4630,4651,4652,4661,4669,4670,4680; transactions 121,1221,1222,1223,1224,1231,1232,1235; OBS_STATUS retained",https://unstats.un.org/unsd/energystats/dataPortal/,2026-07-31,UN data terms,,
SRC_UNSD_DSD,United Nations Statistics Division,UNSD Energy DSD Matrix,matrix used 2026-07-29,current definitions,Fiji,"Product, transaction, observation-status and conversion-factor definitions",code definitions; GJ/tonne,UNSD_Energy_DSD_Matrix.xlsm product and transaction sheets cited by phase1h/phase1i,https://unstats.un.org/unsd/energystats/,2026-07-31,UN data terms,,
SRC_FIJI_ENERGY_ACCOUNT,Fiji Bureau of Statistics,Fiji Experimental Environmental Account for Energy 2023,2023,2023,Fiji,National energy-account cross-check,mixed energy units,Fiji_Experimental_Environmental_Account_for_Energy_2023.pdf; national energy supply/use tables,https://www.statsfiji.gov.fj/,2026-07-31,Government publication,,
SRC_FIJI_GHG_NIR,Government of Fiji / UNFCCC,Fiji GHG National Inventory Report 2023,2023,inventory years reported in document,Fiji,Fuel CO2 emission-factor and inventory-boundary cross-check,Mt CO2; factor,Fiji_GHG_NIR_2023_Final.pdf; energy-sector methods and factors,https://unfccc.int/documents,2026-07-31,Government/UNFCCC publication,,
SRC_FIJI_IMTS,Fiji Bureau of Statistics,International Merchandise Trade Statistics Annual 2024,2024,2024,Fiji,Petroleum-import cross-check,trade quantity/value,Fiji_IMTS_Annual_2024.pdf; petroleum import tables,https://www.statsfiji.gov.fj/,2026-07-31,Government publication,,
SRC_FIJI_LEDS,Government of Fiji,Fiji Low Emission Development Strategy 2018-2050,2018,2018-2050,Fiji,Transport and energy scenario context,scenario narrative and indicators,Fiji_LEDS_2018_2050.pdf; transport and energy chapters,https://unfccc.int/sites/default/files/resource/Fiji_Low%20Emission%20Development%20Strategy%202018-2050.pdf,2026-07-31,Government publication,,
SRC_FIJI_PHASE1J,UN DESA / EAPD-DRB,Fiji Phase 1J public-data ledger,v2.4.0,2020-2050,Fiji,"Service definitions, engineering efficiencies, growth, fuel-price proxies and adoption caps",mixed model units,"WebAPP/DataStorage/Fiji_v2.6/phase1j_public_data.json; services, fuel_price_proxies, adoption_caps and forcing_boundary",https://github.com/EAPD-DRB/MUIOGO/blob/main/WebAPP/DataStorage/Fiji_v2.6/phase1j_public_data.json,2026-07-31,Repository license,,
SRC_NAMIBIA_LAND_PATTERN,UN DESA / EAPD-DRB,NamibiaCLEWs land-account structure,repository benchmark,model structure,Fiji,One technology per land type with one operating mode,structural pattern,WebAPP/DataStorage/NamibiaCLEWs land technologies and associated parameter files,https://github.com/EAPD-DRB/MUIOGO/tree/main/WebAPP/DataStorage/NamibiaCLEWs,2026-07-31,Repository license,,
SRC_FIJI_V26_VALIDATION,UN DESA / EAPD-DRB,Fiji v2.6 national land validation report,2026-07-31,2020-2050,Fiji,"Deterministic equations, generated matrix, CBC solve and result identity",status; objective; residual,WebAPP/DataStorage/Fiji_v2.6/validation_national_land.json; status=PASSED,https://github.com/EAPD-DRB/MUIOGO/blob/main/WebAPP/DataStorage/Fiji_v2.6/validation_national_land.json,2026-07-31,Repository license,,
SRC_WB_CCKP_CMIP6_FJI_PR,World Bank,Climate Change Knowledge Portal CMIP6 0.25-degree ensemble climatology,CMIP6 country aggregation,1995-2014; 2020-2039; 2040-2059,Fiji,Annual precipitation climatology and anomaly under SSP2-4.5,mm/year,scripts/data/fiji_v26_precipitation_ssp245.json; API paths for historical median and future p10/median/p90 annual anomalies,https://climateknowledgeportal.worldbank.org/download-data,2026-07-31,World Bank data terms,,Historical median 2274.78 mm/year; median anomalies -39.88 mm/year for 2020-2039 and -37.53 mm/year for 2040-2059.
SRC_COPERNICUS_CMIP6_SCENARIOS,European Centre for Medium-Range Weather Forecasts / Copernicus Climate Change Service,CMIP6 global climate projections documentation,current documentation,CMIP6 scenario definitions,Global,SSP2-4.5 comparability to CMIP5 RCP4.5,W/m2 forcing level,Scenario description for SSP2-4.5,https://confluence.ecmwf.int/display/CKB/CMIP6%253A%2BGlobal%2Bclimate%2Bprojections,2026-07-31,Copernicus terms,,SSP2-4.5 is the requested RCP4.5-equivalent pathway.
SRC_FMS_FIJI_CLIMATE_PROJECTIONS,Fiji Meteorological Service / Pacific Climate Change Science Program,Current and future climate of Fiji,country report,2030; 2055; 2090,Fiji,Rainfall projection context and confidence,percent change,Country report rainfall projections and uncertainty discussion,https://www.met.gov.fj/media/documents/Country_Report_Fiji_ul6cujP.pdf,2026-07-31,Fiji Government publication,,Contextual cross-check only; the report emphasizes wide model ranges and low confidence in rainfall change.
SRC_FIJI_V26_SSP245_VALIDATION,UN DESA / EAPD-DRB,Fiji v2.6 SSP2-4.5 precipitation validation report,2026-07-31,2020-2050,Fiji,"Source diff, application generation, GLPK matrix check, CBC solves, precipitation balance and ENV_WATER equality",status; objective; residual,WebAPP/DataStorage/Fiji_v2.6/validation_ssp245_live.json; status=PASSED,https://github.com/EAPD-DRB/MUIOGO/blob/main/WebAPP/DataStorage/Fiji_v2.6/validation_ssp245_live.json,2026-07-31,Repository license,,Live report is generated after promotion; the disposable precursor is retained as validation_ssp245_disposable.json.
SRC_FSH_FIJI_MOF_AR2020_21,Fiji Ministry of Fisheries,Annual Report 2020-2021,2020-2021,2020-2021,Fiji,"Offshore/coastal catch, aquaculture harvest, ice, processing establishments, fleet and solar freezers",metric tonne; kg; count,"PDF pp. 7-8, 19, 24-25, 28 and 31",https://www.parliament.gov.fj/wp-content/uploads/2023/02/Ministry-of-Fisheries-Annual-Report-2020%E2%80%932021.pdf,2026-08-03,Public government report,,Primary national Fisheries source; observations are initial conditions or benchmarks.
SRC_FSH_FIJI_SDP2019_29,Fiji Ministry of Fisheries,Strategic Development Plan 2019-2029,2019-2029,2019-2029,Fiji,Aquaculture production goals,metric tonne/year,PDF pp. 7 and 10,https://faolex.fao.org/docs/pdf/fij219830.pdf,2026-08-03,Public government plan,,Policy goals are benchmark-only.
SRC_FSH_FIJI_POLICY2024_28,Fiji Ministry of Fisheries,National Fisheries Policy 2024-2028,2024-2028,2024-2028,Fiji,"Fisheries scope, sustainability and value-chain context",policy statements,Scope and strategic-priority sections,https://faolex.fao.org/docs/pdf/fij235926.pdf,2026-08-03,Public government policy,,No numeric trajectory is taken from this source.
SRC_FSH_FAO_FUEL,FAO,Fuel and Financial Savings for Operators of Small Fishing Vessels,archival excerpt,historical international proxy,International,Coastal and longline fuel intensity,tonne fuel/tonne catch,Table 1,https://www.fao.org/4/ab742e/AB742E02.htm,2026-08-03,FAO public web publication,,Grade-C non-Fiji engineering proxy; sensitivity required.
SRC_FSH_FAO_PROCESS,FAO,Energy Efficiency in Fish Processing,archival excerpt,international engineering proxy,International,Frozen fish energy and process-water intensity,kWh/kg; m3/tonne,Table 2.16 and Example 2.16,https://www.fao.org/4/V8490E/v8490e04.htm,2026-08-03,FAO public web publication,,Grade-C proxy including refrigerated storage.
SRC_FSH_FAO_ICE,FAO,Ice in Fisheries,archival excerpt,international engineering proxy,Tropics,Ice-machine energy intensity,kWh/tonne,Energy requirements section,https://www.fao.org/4/T0713S/T0713S06.htm,2026-08-03,FAO public web publication,,Cross-check only to avoid duplicating refrigeration energy.
SRC_FSH_UNSD_DSD,United Nations Statistics Division,Energy Statistics Database Fiji diesel parameters,repository evidence extract,2020,Fiji,Diesel NCV and direct CO2 factor,GJ/tonne; Mt/PJ,WebAPP/DataStorage/Fiji_v2.6/phase1i_fuel_sector_allocation.json,https://unstats.un.org/unsd/energystats/dataPortal/,2026-08-03,UN public data portal,,43.0 GJ/t and 0.0741 Mt CO2/PJ in active lineage.
SRC_FSH_FIJI_V26,UN DESA / EAPD-DRB,MUIOGO Fiji_v2.6 solved case,v2.6,2020-2050,Fiji,Inherited energy/water/emissions/service boundaries,mixed model units,WebAPP/DataStorage/Fiji_v2.6 R*.json and Environmental_Accounting_v2.6 result,https://github.com/EAPD-DRB/MUIOGO/tree/main/WebAPP/DataStorage/Fiji_v2.6,2026-08-03,Repository license,,Immediate source case and unchanged control.
SRC_FOOD_UN_WPP2024_FJI,United Nations DESA Population Division,World Population Prospects 2024,2024 medium variant,2020-2050,Fiji,Population at 1 July,thousand people,ISO3_code=FJI; Variant=Medium; Time=2020..2050; TPopulation1July; source values are thousands of people,https://population.un.org/wpp/assets/Excel%20Files/1_Indicator%20(Standard)/CSV_FILES/WPP2024_Demographic_Indicators_Medium.csv.gz,2026-08-03,UN data terms of use,,Annual values are frozen in both v2.8 and v2.9 input snapshots; converted to people before use.
SRC_FOOD_FAOSTAT_FBS_FIJI_2021_23,Food and Agriculture Organization of the United Nations,FAOSTAT Food Balance Sheets (2010-),bulk download accessed 2026-08,2021-2023,Fiji,Resident food supply quantity for crops and Fish Seafood,kg/capita/year,"Area=Fiji; Element=Food supply quantity (kg/capita/yr); crop items in v2.8 snapshot and Fish, Seafood in v2.9 snapshot; 2021-2023",https://bulks-faostat.fao.org/production/FoodBalanceSheets_E_All_Data_(Normalized).zip,2026-08-04,FAOSTAT terms / CC BY 4.0,,Downloaded archive SHA-256 26200855ed5da3d0805e34219124e241d0e0bc6959d0995ebc77a10dd84cbaf1; all three fish observations carry flag E.
SRC_FOOD_FAOSTAT_SUA_FIJI_2021_23,Food and Agriculture Organization of the United Nations,FAOSTAT Supply Utilization Accounts (2010-),bulk download accessed 2026-08,2021-2023,Fiji,Food tonnes and crop processing conversion quantities,tonne/year; ratio,Area=Fiji; 2021-2023; Taro and selected CRPOTH raw items; rice milled/processed and raw sugar/cane processed,https://bulks-faostat.fao.org/production/SUA_Crops_Livestock_E_All_Data_(Normalized).zip,2026-08-03,FAOSTAT terms / CC BY 4.0,,Used where the aggregate FBS item is broader than the model commodity and for 0.68 rice and 0.14 sugar conversion evidence.
SRC_FOOD_COMTRADE_CROPS_FJI_2025,United Nations Statistics Division,UN Comtrade annual HS trade data,2025 annual,2025,Fiji; partner World,Crop imports and exports by selected HS code,kg net weight,period=2025; reporterCode=242 (Fiji); partnerCode=0 (World); flowCode=M or X; customsCode=C00; motCode=0; netWgt in kg,https://comtradeapi.un.org/public/v1/preview/C/A/HS,2026-08-03,UN Comtrade terms of use,,Complete HS code/value snapshot is retained in data_sources/snapshots/fiji_v28_population_crop_trade.json.
SRC_FOOD_COMTRADE_FISH_FJI_2025,United Nations Statistics Division,UN Comtrade annual HS trade data,2025 annual,2025,Fiji; partner World,"Fish imports, domestic exports and re-exports for HS0301-0309 and HS1604-1605",kg net weight,"period=2025; reporterCode=242 (Fiji); partnerCode=0 (World); flowCode=M for imports and DX for domestic exports; customsCode=C00; motCode=0; HS0301..0309, HS1604 and HS1605; netWgt in kg",https://comtradeapi.un.org/public/v1/preview/C/A/HS,2026-08-04,UN Comtrade terms of use,,HS1604 aggregate import weight was reconstructed from available six-digit rows; HS160431 value has no weight and is excluded.
SRC_FOOD_FIJI_IMTS_2025,Fiji Bureau of Statistics,International Merchandise Trade Statistics Annual 2025,2025 annual release,2025,Fiji,"National imports, domestic exports and re-exports cross-check",FJD values and published trade aggregates,"Annual 2025 release; imports, domestic exports and re-exports tables",https://www.statsfiji.gov.fj/international-merchandise-trade-statistics-annual-2025/,2026-08-04,Fiji government public statistics,,Cross-check only; the detailed physical net weights come from UN Comtrade.
SRC_FIJI_V27_SOLVED,UN DESA / EAPD-DRB,MUIOGO Fiji_v2.7 solved case,v2.7,2020-2050,Fiji,Immediate source case for v2.8; crop balance duals and Fisheries service calibration,mixed model units,WebAPP/DataStorage/Fiji_v2.7 source JSON and res/Fisheries_v2.7 results,https://github.com/EAPD-DRB/MUIOGO/tree/main/WebAPP/DataStorage/Fiji_v2.7,2026-08-03,Repository license,,All unchanged v2.8 values inherit this solved case.
SRC_FIJI_V28_SOLVED,UN DESA / EAPD-DRB,MUIOGO Fiji_v2.8 solved case,v2.8,2020-2050,Fiji,Immediate source case and unchanged control for v2.9,mixed model units,WebAPP/DataStorage/Fiji_v2.8 source JSON and res/Population_Crop_Trade_v2.8 results,https://github.com/EAPD-DRB/MUIOGO/tree/main/WebAPP/DataStorage/Fiji_v2.8,2026-08-04,Repository license,,"Objective 4158.92072593; matrix 174098 rows, 133862 columns, 732134 nonzeros."
SRC_FIJI_V28_VALIDATION,MUIOGO Fiji model validation workflow,Fiji v2.8 population crop trade validation,working-tree 2026-08-03,2020-2050,Fiji,"Deterministic, generation, matrix, CBC, control and 95 percent drought checks",status; objective; seconds; matrix dimensions; Mt,WebAPP/DataStorage/Fiji_v2.8/validation_population_crop_trade_v28_final.json,https://github.com/EAPD-DRB/MUIOGO/tree/main/WebAPP/DataStorage/Fiji_v2.8,2026-08-03,Repository license,,Copied into validation/population_crop_trade_v28_final.json.
SRC_FIJI_V29_VALIDATION,MUIOGO Fiji model validation workflow,Fiji v2.9 population Fisheries trade validation,working-tree 2026-08-04,2020-2050,Fiji,"Deterministic, generation, matrix, CBC, control, balance, dual and 95 percent production-loss checks",status; objective; seconds; matrix dimensions; Mt; PJ,WebAPP/DataStorage/Fiji_v2.9/validation_population_fisheries_trade_v29_final.json,https://github.com/EAPD-DRB/MUIOGO/tree/main/WebAPP/DataStorage/Fiji_v2.9,2026-08-04,Repository license,,Copied into validation/population_fisheries_trade_v29_final.json.
SRC_FSH_FIJI_MOF_AR2021_22,Fiji Ministry of Fisheries,Annual Report 2021-2022,2021-2022,2021-2022,Fiji,Tilapia and freshwater prawn aquaculture production,metric tonne,"Aquaculture production tables: tilapia 212.83 tonnes; freshwater prawn 4.095 tonnes",https://www.parliament.gov.fj/wp-content/uploads/2023/07/Ministry-of-Fisheries-Annual-Report-2021%E2%80%932022.pdf,2026-08-04,Public government report,,The 216.925 tonne sum anchors the 2020-2023 aggregate aquaculture ceiling.
SRC_FSH_FIJI_AQUACULTURE_PLAN2024_28,Fiji Ministry of Fisheries,Fiji Aquaculture Development Plan 2024-2028,2024-2028,2024-2028,Fiji,Annual tilapia giant river prawn and black tiger shrimp programme deliverables,metric tonne/year,"Detailed Table 18: annual commodity deliverables for December 2024-2028",https://faolex.fao.org/docs/pdf/fij235927.pdf,2026-08-04,Public government plan,,The conservative detailed table is used instead of broader headline goals elsewhere in the plan.
SRC_FIJI_V29_FISHERIES_BOUNDS_VALIDATION,MUIOGO Fiji model validation workflow,Fiji v2.9 aggregate Fisheries activity-ceiling validation,working-tree 2026-08-04,2020-2050,Fiji,"Source diff, deterministic checks, application generation, GLPK matrix check, bounded and live CBC solves, annual ceilings, balances, duals, identity and timestamps",status; objective; seconds; matrix dimensions; Mt; PJ,validation/fisheries_bounds_v29_final.json,https://github.com/EAPD-DRB/CLEWs-FJI/tree/main/Fiji_v2.9_CLEWs_build/validation,2026-08-04,Repository license,,Final report for the promoted v2.9.0 package.
SRC_FIJI_RAW_BUILD_ARCHIVE,EAPD-DRB Fiji model team,Fiji CLEWs Global immutable raw source archive,pre-tracking freeze 2026-07-25,2021-2050,Fiji,"Raw workflow configuration, generated inputs, overrides, geospatial outputs and original provenance records",mixed CLEWs model units,190-file source package retained before provenance tracking,evidence/v25_lineage/archives/Fiji_CLEWs_Global_source_raw_pre_tracking_2026-07-25.zip,2026-08-05,Repository and retained upstream licenses,6f53a3788a374ad86ebbc7ae2a41df5a8bc47d002aacc6a64d3b3b88d112c51d,Exact copy of Fiji_CLEWs_Global/backups/Fiji_CLEWs_Global_source_raw_pre_tracking_2026-07-25.zip,evidence/v25_lineage/archives/Fiji_CLEWs_Global_source_raw_pre_tracking_2026-07-25.zip
SRC_FIJI_V25_HANDOFF,EAPD-DRB Fiji model team,Fiji v2.5 complete result-free handoff,v2.5.0,2020-2050,Fiji,"v2 and v2.4 source cases, v2.5 source JSON, evidence, legacy ledgers, scripts and validation",mixed model and evidence units,321-file handoff created 2026-07-29,evidence/v25_lineage/archives/Fiji_v2_v2.5.0_HANDOFF_2026-07-29.zip,2026-08-05,Repository and retained source licenses,3dfe81379dc249cde99886be52923787064a7caefc4bde915f6b1eb4546ca729,Complete authoritative lineage for raw build through Phase 1K,evidence/v25_lineage/archives/Fiji_v2_v2.5.0_HANDOFF_2026-07-29.zip
SRC_FIJI_V25_ARCHIVE_MANIFEST,EAPD-DRB Fiji model team,Fiji raw and v2.5 archive manifest,2026-08-05,2026-07-25 to 2026-07-29,Fiji,Archive roles file counts original paths and checksums,files and SHA-256,evidence/v25_lineage/ARCHIVE_MANIFEST.csv,,2026-08-05,Repository license,6ec72104599753f3f48f3e63b8aa95972cada50259804ce75e967e3f47bcca23,Derived index verified against retained archives,evidence/v25_lineage/ARCHIVE_MANIFEST.csv
SRC_CLEWS_GLOBAL_PINNED,DeltaE,CLEWs Global workflow,8df78c66be104e446f84a7dbb0df1c0a4fda4080,raw build executed 2026-07-24,Fiji,Workflow orchestration configuration and model integration,software,config/upstream_versions.json workflow commit in raw archive,https://github.com/DeltaE/CLEWs_Global/tree/8df78c66be104e446f84a7dbb0df1c0a4fda4080,2026-07-24,MIT; see archived license,,Pinned by raw archive,
SRC_CLEWS_GAEZ_PINNED,OSeMOSYS,CLEWs GAEZ workflow,30ec12e6524dc9c8ce474ffe1a467508f992007f,GAEZ v4 and 2010 land-cover baseline,Fiji,"Boundary processing, raster selection, land cells and four-cluster summaries",software,config/upstream_versions.json submodules.CLEWs_GAEZ commit in raw archive,https://github.com/OSeMOSYS/CLEWs_GAEZ/tree/30ec12e6524dc9c8ce474ffe1a467508f992007f,2026-07-24,MIT; see archived license,,Pinned by raw archive,
SRC_CLEWSY_PINNED,OSeMOSYS,clewsy nexus integration,6eefaf2abc6d91917c0fddfeea373db37443a8dd,raw build executed 2026-07-24,Fiji,"Land, crop and water conversion into OSeMOSYS inputs",software,config/upstream_versions.json submodules.clewsy commit in raw archive,https://github.com/OSeMOSYS/clewsy/tree/6eefaf2abc6d91917c0fddfeea373db37443a8dd,2026-07-24,See archived clewsy license,,Pinned by raw archive,
SRC_OSEMOSYS_GLOBAL_PINNED,OSeMOSYS community,OSeMOSYS Global,036fdd07cc0dc31df1649cdc1689a8aa35a83a36,upstream data vintages embedded at pinned commit,Fiji,"Raw energy technologies, fuels, demands, costs, efficiencies and capacity defaults",mixed OSeMOSYS model units,config/upstream_versions.json submodules.osemosys_global commit in raw archive,https://github.com/OSeMOSYS/osemosys_global/tree/036fdd07cc0dc31df1649cdc1689a8aa35a83a36,2026-07-24,AGPL-3.0; see archived license,,Exact raw defaults remain distinguishable from later Fiji replacements,
SRC_GADM41_FJI,GADM,GADM Fiji administrative boundaries,4.1,release 4.1,Fiji ADM0,National polygon for clipping and land-cell construction,EPSG:4326 geometry,gadm41_FJI_shp.zip and processed boundary in raw source package,https://geodata.ucdavis.edu/gadm/gadm4.1/shp/gadm41_FJI_shp.zip,2026-07-24,GADM provider terms,,Exact download URL and release retained; original archive checksum was not recorded,
SRC_FIJI_LAND_AREA,Government of Fiji,Fiji Northern Connectivity Project ESMP,project document,current documented area,Fiji,National land area used to normalize the modeled domain,km2,Documented Fiji land area 18273 km2,https://fiji.gov.fj/getattachment/2e544cd4-06c7-45c8-b773-8dcf3e06249c/Fiji-Northern-Connectivity-ESMP.aspx,2026-07-24,Government publication terms,,Used with antimeridian-safe processed land cells,
SRC_GAEZ_YLD_HIGH_TABLE,FAO and IIASA / OSeMOSYS CLEWs GAEZ,GAEZ yield high-input catalogue,30ec12e6524dc9c8ce474ffe1a467508f992007f,HadGEM2-ES RCP4.5 2011-2040,Fiji selection from global table,Potential crop yield raster catalogue,10kg dry weight per ha,GAEZ_Processing/Data/GAEZ_yld_High_Input.csv,https://raw.githubusercontent.com/OSeMOSYS/CLEWs_GAEZ/30ec12e6524dc9c8ce474ffe1a467508f992007f/GAEZ_Processing/Data/GAEZ_yld_High_Input.csv,2026-08-05,FAO/IIASA provider terms,47121388a94a61cd7158e9f2ad9474d3480d93b2aa292e154868760bcf84a531,Exact table; Fiji manifest records surviving source lines,evidence/raw_clews_lineage/gaez_input_tables/GAEZ_yld_High_Input.csv
SRC_GAEZ_YLD_LOW_TABLE,FAO and IIASA / OSeMOSYS CLEWs GAEZ,GAEZ yield low-input catalogue,30ec12e6524dc9c8ce474ffe1a467508f992007f,CRUTS32 Historical 1981-2010,Fiji selection from global table,Potential crop yield raster catalogue,10kg dry weight per ha,GAEZ_Processing/Data/GAEZ_yld_Low_Input.csv,https://raw.githubusercontent.com/OSeMOSYS/CLEWs_GAEZ/30ec12e6524dc9c8ce474ffe1a467508f992007f/GAEZ_Processing/Data/GAEZ_yld_Low_Input.csv,2026-08-05,FAO/IIASA provider terms,051c31b303930775bbe12229fd59b9257eed5d36b5a01c3249d4655e498a8beb,Exact table; Fiji manifest records surviving source lines,evidence/raw_clews_lineage/gaez_input_tables/GAEZ_yld_Low_Input.csv
SRC_GAEZ_CWD_HIGH_TABLE,FAO and IIASA / OSeMOSYS CLEWs GAEZ,GAEZ crop-water-deficit high-input catalogue,30ec12e6524dc9c8ce474ffe1a467508f992007f,HadGEM2-ES RCP4.5 2011-2040,Fiji selection from global table,Crop water deficit raster catalogue,mm,GAEZ_Processing/Data/GAEZ_cwd_High_Input.csv,https://raw.githubusercontent.com/OSeMOSYS/CLEWs_GAEZ/30ec12e6524dc9c8ce474ffe1a467508f992007f/GAEZ_Processing/Data/GAEZ_cwd_High_Input.csv,2026-08-05,FAO/IIASA provider terms,900596e1d956adc18e2c77cbc3a07e50c7363f72897f350b88c6a2a2e7db3e9a,Exact table; Fiji manifest records surviving source lines,evidence/raw_clews_lineage/gaez_input_tables/GAEZ_cwd_High_Input.csv
SRC_GAEZ_CWD_LOW_TABLE,FAO and IIASA / OSeMOSYS CLEWs GAEZ,GAEZ crop-water-deficit low-input catalogue,30ec12e6524dc9c8ce474ffe1a467508f992007f,CRUTS32 Historical 1981-2010,Fiji selection from global table,Crop water deficit raster catalogue,mm,GAEZ_Processing/Data/GAEZ_cwd_Low_Input.csv,https://raw.githubusercontent.com/OSeMOSYS/CLEWs_GAEZ/30ec12e6524dc9c8ce474ffe1a467508f992007f/GAEZ_Processing/Data/GAEZ_cwd_Low_Input.csv,2026-08-05,FAO/IIASA provider terms,6817b8d2561fac0bb7bfc38ba8076a50fd4d9e449815b78dfed8a9bb827afcd1,Exact table; Fiji manifest records surviving source lines,evidence/raw_clews_lineage/gaez_input_tables/GAEZ_cwd_Low_Input.csv
SRC_GAEZ_EVT_HIGH_TABLE,FAO and IIASA / OSeMOSYS CLEWs GAEZ,GAEZ evapotranspiration high-input catalogue,30ec12e6524dc9c8ce474ffe1a467508f992007f,HadGEM2-ES RCP4.5 2011-2040,Fiji selection from global table,Evapotranspiration raster catalogue,mm,GAEZ_Processing/Data/GAEZ_evt_High_Input.csv,https://raw.githubusercontent.com/OSeMOSYS/CLEWs_GAEZ/30ec12e6524dc9c8ce474ffe1a467508f992007f/GAEZ_Processing/Data/GAEZ_evt_High_Input.csv,2026-08-05,FAO/IIASA provider terms,5e1df43709dfc16d94e690c0bacd76e8829d8e86cf747322a52467c7296e7cbc,Exact table; Fiji manifest records surviving source lines,evidence/raw_clews_lineage/gaez_input_tables/GAEZ_evt_High_Input.csv
SRC_GAEZ_EVT_LOW_TABLE,FAO and IIASA / OSeMOSYS CLEWs GAEZ,GAEZ evapotranspiration low-input catalogue,30ec12e6524dc9c8ce474ffe1a467508f992007f,CRUTS32 Historical 1981-2010,Fiji selection from global table,Evapotranspiration raster catalogue,mm,GAEZ_Processing/Data/GAEZ_evt_Low_Input.csv,https://raw.githubusercontent.com/OSeMOSYS/CLEWs_GAEZ/30ec12e6524dc9c8ce474ffe1a467508f992007f/GAEZ_Processing/Data/GAEZ_evt_Low_Input.csv,2026-08-05,FAO/IIASA provider terms,c931c0d6c6dffff7936f3835f872560576ca6f739c2c99cea713bac92220a874,Exact table; Fiji manifest records surviving source lines,evidence/raw_clews_lineage/gaez_input_tables/GAEZ_evt_Low_Input.csv
SRC_GAEZ_FJI_RASTER_MANIFEST,EAPD-DRB Fiji provenance recovery,Fiji raw GAEZ crop-raster cache manifest,2026-08-05,High 2011-2040 and low 1981-2010,Fiji,Exact surviving crop-raster filenames URLs identifiers and catalogue lines,GAEZ row-specific units,72 rows reconstructed by replaying the pinned Fiji collect order,,2026-08-05,Derived manifest; source rasters retain FAO/IIASA terms,61e7d82ddee3780747031411228f5acfca74a263f376f20d5c26749dee04a113,36 high-input plus 36 low-input files; original temporary raster bytes are not retained,evidence/raw_clews_lineage/gaez_input_tables/GAEZ_FJI_RASTER_CACHE_MANIFEST.csv
SRC_GAEZ_FJI_BASE_MANIFEST,EAPD-DRB Fiji provenance recovery,Fiji raw GAEZ bundled base-raster manifest,2026-08-05,GAEZ workflow baseline,Fiji,Exact source paths URLs and checksums for precipitation and land-cover rasters,two raster files,Two pinned CLEWs_GAEZ files completing the reconstructed 74-file cache,,2026-08-05,Derived manifest; source rasters retain FAO/IIASA terms,368266180b27fbb5ad9a7744817310f68ed9f339710bbef1f5bbef31e9390658,Both retained raster bytes independently match their recorded checksums,evidence/raw_clews_lineage/gaez_base_rasters/GAEZ_FJI_BUNDLED_BASE_RASTERS.csv
SRC_GAEZ_FJI_PRC_RASTER,FAO and IIASA / OSeMOSYS CLEWs GAEZ,Bundled precipitation raster,30ec12e6524dc9c8ce474ffe1a467508f992007f,GAEZ workflow baseline,Fiji,Precipitation,raster-native units,GAEZ_Processing/Data/input/precipitation prc.tif,https://raw.githubusercontent.com/OSeMOSYS/CLEWs_GAEZ/30ec12e6524dc9c8ce474ffe1a467508f992007f/GAEZ_Processing/Data/input/precipitation%20prc.tif,2026-08-05,FAO/IIASA provider terms,c72b8cec38ea31755b9d6f02e518571f41f7d39ae2f5913ee64a14077079d83b,Exact pinned repository bytes,evidence/raw_clews_lineage/gaez_base_rasters/precipitation prc.tif
SRC_GAEZ_FJI_LCTYPE_RASTER,FAO and IIASA / OSeMOSYS CLEWs GAEZ,Bundled land-cover raster,30ec12e6524dc9c8ce474ffe1a467508f992007f,2010 land-cover baseline,Fiji,Land-cover class,categorical raster,GAEZ_Processing/Data/input/LCType_ncb.tif,https://raw.githubusercontent.com/OSeMOSYS/CLEWs_GAEZ/30ec12e6524dc9c8ce474ffe1a467508f992007f/GAEZ_Processing/Data/input/LCType_ncb.tif,2026-08-05,FAO/IIASA provider terms,17b77aa5fd7b56a4570119026034c0f3137b9e906c741c684556f762c34a30db,Exact pinned repository bytes,evidence/raw_clews_lineage/gaez_base_rasters/LCType_ncb.tif
SRC_FAOSTAT_RAW_HARVESTED,FAO / OSeMOSYS CLEWs GAEZ,FAOSTAT_2020.csv,30ec12e6524dc9c8ce474ffe1a467508f992007f,2020,Fiji,Crop and livestock products Area harvested Element 5312,ha,GAEZ_Processing/Data/FAOSTAT_2020.csv,https://raw.githubusercontent.com/OSeMOSYS/CLEWs_GAEZ/30ec12e6524dc9c8ce474ffe1a467508f992007f/GAEZ_Processing/Data/FAOSTAT_2020.csv,2026-08-05,FAOSTAT terms of use,082da2e1c708ea6f9837b021143eb193d9f240b0700be367d80ab91cfeb259b9,Exact bundled upstream file,evidence/raw_clews_lineage/faostat/FAOSTAT_2020.csv
SRC_FAOSTAT_RAW_PRODUCTION,FAO / DeltaE CLEWs Global,FAOSTAT_production_2020.csv,8df78c66be104e446f84a7dbb0df1c0a4fda4080,2020,Fiji,Crop and livestock products Production Element 5510,t,data/FAOSTAT_production_2020.csv,https://raw.githubusercontent.com/DeltaE/CLEWs_Global/8df78c66be104e446f84a7dbb0df1c0a4fda4080/data/FAOSTAT_production_2020.csv,2026-08-05,FAOSTAT terms of use,51fe2f975b0d57ddcca0e4da860b12c89b7aa9a9daa41b3fe13df77fd746a14f,Exact bundled upstream file,evidence/raw_clews_lineage/faostat/FAOSTAT_production_2020.csv
SRC_FAOSTAT_FJI_RAW_SELECTION,EAPD-DRB Fiji provenance recovery,Fiji raw FAOSTAT 2020 crop selection,2026-08-05,2020,Fiji,Ten exact selected crop rows with source lines proxies and model groups,ha and t,Replayed from the two exact bundled FAOSTAT files,,2026-08-05,Derived selection; underlying FAOSTAT terms apply,170de102e7c150e7230775e535be7a8bce7942c6a36d423734c55e0210e77582,Preserves CPC codes values flags and source physical line numbers,evidence/raw_clews_lineage/faostat/FAOSTAT_FJI_2020_SELECTION.csv
SRC_SSP2_FJI_WORKBOOK,IIASA-WiC / OSeMOSYS Global,iamc_db_POP_Countries.xlsx,SSP Public Database Version 2.0,2010-2100,Fiji FJI,SSP2 population,million,data sheet row 553,https://raw.githubusercontent.com/OSeMOSYS/osemosys_global/036fdd07cc0dc31df1649cdc1689a8aa35a83a36/osemosys_global/resources/data/default/iamc_db_POP_Countries.xlsx,2026-08-05,SSP Public Database terms,e013c76eacd95a2e0f6275446e9d1e71bdfb9556eab1c6619a5b0d7914ecab35,Exact pinned workbook; selected range data!A553:Y553,evidence/raw_clews_lineage/ssp2/iamc_db_POP_Countries.xlsx
SRC_SSP2_FJI_ROW,EAPD-DRB Fiji provenance recovery,Exact SSP2 Fiji population row,2026-08-05,2010-2100,Fiji FJI,IIASA-WiC POP SSP2 Population,million,data!A553:Y553,,2026-08-05,Derived extract; SSP Public Database terms apply,77ca5cd1778dc546a1af6b90ca03951a59de8c90d6afedb5cc7957996bd86afb,Exact row identity and all five-year values,evidence/raw_clews_lineage/ssp2/SSP2_FJI_SELECTED_ROW.csv
SRC_SSP2_FJI_ANNUAL,EAPD-DRB Fiji provenance recovery,Annual raw-workflow SSP2 Fiji population index,2026-08-05,2021-2050,Fiji FJI,Annual interpolated and normalized population,million and relative index 2021=1,Derived as get_growth_factors in the retained raw clewsy override,,2026-08-05,Derived series; SSP Public Database terms apply,57c54345a1978ef5e7eaa2b9d0545e85e24c070fe0b1c480dfc433949ab5347a,Exact annual series used by the raw demand pathway,evidence/raw_clews_lineage/ssp2/SSP2_FJI_ANNUAL_INDEX_2021_2050.csv
SRC_MUIO_54,OSeMOSYS / MUIOGO,MUIO formulation and importer,model.v.5.4,2020-2050,Fiji,JSON implementation importer and user-defined reserve proxy,software and algebra,Raw archive and v2.5 handoff scripts plus MUIOGO formulation,https://github.com/OSeMOSYS/MUIO,2026-07-24,Repository license,,Implementation lineage frozen in both archives,
SRC_FIJI_REI_IP,Government of Fiji,Renewable Energy Integration Investment Plan,2023 publication,2021 fleet and policy context,Fiji,"Hydro, thermal, wind, bagasse and wood installed capacity",MW and GWh,"PDF Table 3.1; retained copy and extraction record inside v2.5 handoff",https://fijiclimatechangeportal.gov.fj/wp-content/uploads/2023/09/Fiji_CIF_REI_IP.pdf,2026-07-25,Government publication terms,,PDF SHA-256 3d291fad4853905d40486f253d974483a9b788881c6ea9e02e6ba725989790e1,
SRC_EFL_2024_EXTRACT,Energy Fiji Limited,2024 Annual Report,2024,2015-2024,Fiji,"Total generation, hydro, thermal, wind, solar and IPP purchases",MWh,"Printed page 88 Generation Statistics for the Past Ten Years; retained PDF and extracts inside v2.5 handoff",https://efl.com.fj/wp-content/uploads/2025/05/EFL-2024-Annual-Report.pdf,2026-07-25,Utility publication terms,,PDF SHA-256 b3427b8e597399f31aabc2ab315b1a72a24138e20cd8faa5c3fec2894f0fe956,
SRC_FBS_ENERGY_2024,Fiji Bureau of Statistics,Fiji Experimental Environmental Account for Energy 2024 and physical SUT,Release 50,2020-2024,Fiji,"Commercial, industrial, domestic, own-generation and distribution-loss electricity",physical energy units and PJ,"Energy SUT sheet; retained reconciliation extract inside v2.5 handoff",https://www.statsfiji.gov.fj/download/245/tables/3487/energy-supply-and-use.xlsx,2026-07-27,Government statistics terms,,Workbook SHA-256 8850294afaaa4e70b6f276ae052da24e74e3743cca317d2a3b5ab007bf199ed4,
SRC_FIJI_MICS_2021,Fiji Bureau of Statistics / Ministry of Health / UNICEF,Fiji Multiple Indicator Cluster Survey 2021,2021,2021,Fiji,"Urban and rural grid access and cooking technology/fuel shares",percent,"Tables SR.2.1 and TC.4.1-TC.4.2; retained PDF and extracts inside v2.5 handoff",https://www.statsfiji.gov.fj/download/56/mics/66/Fiji_MICS_2021_Survey_Finding_Report.pdf,2026-07-27,Government/UNICEF publication terms,,PDF SHA-256 bd07375a3851447fa907ffbe15b4c9c708deb451e521f24074e269d17ffcfba7,
SRC_FBS_WATER_2024,Fiji Bureau of Statistics,Fiji Experimental Environmental Account for Water 2024,2024,2020-2024,Fiji,"WAF surface abstraction, purification/distribution loss and billed/carted delivery",ML and km3,Appendix Physical Supply and Use Tables for Water; retained extract inside v2.5 handoff,https://www.statsfiji.gov.fj/download/240/releases/4667/2024-fijis-experimental-environmental-account-for-water.pdf,2026-07-27,Government statistics terms,,Active Phase 1B source,
SRC_FSC_REPORTS_2021_25,Fiji Sugar Corporation,Annual reports 2021-2025,2021-2025,2020-2024 crushing seasons,Fiji,"Cane crushed, sugar and molasses production",tonnes,"Annual operating tables and exact report hashes recorded inside v2.5 handoff",https://fsc.com.fj/annualreports/,2026-07-28,FSC publication terms,,Active cane-throughput source; report-level hashes retained in Phase 1D source record,
SRC_IRENA_SUGARCANE_2019,International Renewable Energy Agency,Sugarcane bioenergy in Southern Africa,2019,engineering configurations,International,Exportable bagasse electricity after process-steam requirements,kWh per tonne cane,"PDF page 37 Table 3.1; selected 42 bar 400 C 500 kg steam no-straw case",https://www.irena.org/-/media/Files/IRENA/Agency/Publication/2019/Apr/IRENA_Sugarcane_bioenergy_2019.pdf,2026-07-28,IRENA publication terms,,PDF SHA-256 2b7c25413dabdff10d0b549c29aa53482dfa60b50d590ef483693619cf294a44,
